magic,version,size,sequence,dropped_records,timestamp_us,tick_ms,imu_sequence,raw_temperature,raw_accel_x,raw_accel_y,raw_accel_z,raw_gyro_x,raw_gyro_y,raw_gyro_z,temperature_c,accel_x_g,accel_y_g,accel_z_g,gyro_x_dps,gyro_y_dps,gyro_z_dps,roll_deg,pitch_deg,yaw_deg,rc_ch1_us,rc_ch2_us,rc_ch3_us,rc_ch4_us,rc_ch5_us,rc_ch6_us,rc_ch7_us,rc_ch8_us,throttle_us,servo_alpha_us,servo_beta_us,motor_upper_us,motor_lower_us,rc_armed,rc_link_ok,throttle_over_20,imu_valid,motor_output_reason,rc_link_seen,arm_switch_high,arm_throttle_low,arm_switch_seen_low,arm_switch_prev_high,imu_fault_latched,imu_fault_reason,motor_output_reason_name,acc_nav_m_s2_0,acc_nav_m_s2_1,acc_nav_m_s2_2,vel_est_m_s_0,vel_est_m_s_1,vel_est_m_s_2,vel_ref_m_s_0,vel_ref_m_s_1,vel_err_m_s_0,vel_err_m_s_1,vel_pid_out_m_s2_0,vel_pid_out_m_s2_1,vel_pid_p_m_s2_0,vel_pid_p_m_s2_1,vel_pid_i_m_s2_0,vel_pid_i_m_s2_1,vel_pid_d_m_s2_0,vel_pid_d_m_s2_1,vel_loop_active,ctrl_pos_p_m_s2_0,ctrl_pos_p_m_s2_1,ctrl_pos_p_m_s2_2,ctrl_vel_d_m_s2_0,ctrl_vel_d_m_s2_1,ctrl_vel_d_m_s2_2,ctrl_accel_out_m_s2_0,ctrl_accel_out_m_s2_1,ctrl_accel_out_m_s2_2,ctrl_tilt_ff_rad_0,ctrl_tilt_ff_rad_1,ctrl_tilt_rate_d_rad_0,ctrl_tilt_rate_d_rad_1,ctrl_tilt_out_rad_0,ctrl_tilt_out_rad_1,ctrl_yaw_angle_p_rad_s,ctrl_yaw_rate_d_rad_s,ctrl_yaw_torque_cmd,ctrl_total_force_n,ctrl_omega_cmd_rad_s_0,ctrl_omega_cmd_rad_s_1,z_ref_m,record_crc32,sector_seq,sector_index
827477062,2,292,1,0,0,0,1,0,0,0,16384,0,0,0,0.0,0.0,0.0,1.0,0.0,0.0,0.0,0.0,0.0,0.0,1000,1050,1100,1150,1200,1250,1300,1350,1300,1500,1500,1300,1300,1,1,1,1,1,1,1,1,0,0,0,0,stabilized_mix,0.0,0.0,0.0,0.0,0.0,0.0,0.0,0.0,0.0,0.0,0.0,0.0,0.0,0.0,0.0,0.0,0.0,0.0,0.0,0.0,0.0,0.0,0.0,0.0,0.0,0.0,0.0,0.0,0.0,0.0,0.0,0.0,0.0,0.0,0.0,0.0,0.0,0.0,0.0,0.0,0.10000000149011612,3316721448,1,0
827477062,2,292,2,0,4000,4,2,0,0,0,16384,0,0,0,0.0,0.0,0.0,1.0,0.0,0.0,0.0,0.0,1.0,1.0,1000,1050,1100,1150,1200,1250,1300,1350,1300,1500,1500,1300,1300,1,1,1,1,1,1,1,1,0,0,0,0,stabilized_mix,0.0,0.0,0.0,0.0,0.0,0.0,0.0,0.0,0.0,0.0,0.0,0.0,0.0,0.0,0.0,0.0,0.0,0.0,0.0,0.0,0.0,0.0,0.0,0.0,0.0,0.0,0.0,0.0,0.0,0.0,0.0,0.0,0.0,0.0,0.0,0.0,0.0,0.0,0.0,0.0,0.10000000149011612,1545923199,1,0
827477062,2,292,3,0,8000,8,3,0,0,0,16384,0,0,0,0.0,0.0,0.0,1.0,0.0,0.0,0.0,0.0,2.0,2.0,1000,1050,1100,1150,1200,1250,1300,1350,1300,1500,1500,1300,1300,1,1,1,1,1,1,1,1,0,0,0,0,stabilized_mix,0.0,0.0,0.0,0.0,0.0,0.0,0.0,0.0,0.0,0.0,0.0,0.0,0.0,0.0,0.0,0.0,0.0,0.0,0.0,0.0,0.0,0.0,0.0,0.0,0.0,0.0,0.0,0.0,0.0,0.0,0.0,0.0,0.0,0.0,0.0,0.0,0.0,0.0,0.0,0.0,0.10000000149011612,2132249169,1,0
827477062,2,292,4,0,12000,12,4,0,0,0,16384,0,0,0,0.0,0.0,0.0,1.0,0.0,0.0,0.0,0.0,3.0,3.0,1000,1050,1100,1150,1200,1250,1300,1350,1300,1500,1500,1300,1300,1,1,1,1,1,1,1,1,0,0,0,0,stabilized_mix,0.0,0.0,0.0,0.0,0.0,0.0,0.0,0.0,0.0,0.0,0.0,0.0,0.0,0.0,0.0,0.0,0.0,0.0,0.0,0.0,0.0,0.0,0.0,0.0,0.0,0.0,0.0,0.0,0.0,0.0,0.0,0.0,0.0,0.0,0.0,0.0,0.0,0.0,0.0,0.0,0.10000000149011612,1435296960,1,0
827477062,2,292,5,0,16000,16,5,0,0,0,16384,0,0,0,0.0,0.0,0.0,1.0,0.0,0.0,0.0,0.0,4.0,4.0,1000,1050,1100,1150,1200,1250,1300,1350,1300,1500,1500,1300,1300,1,1,1,1,1,1,1,1,0,0,0,0,stabilized_mix,0.0,0.0,0.0,0.0,0.0,0.0,0.0,0.0,0.0,0.0,0.0,0.0,0.0,0.0,0.0,0.0,0.0,0.0,0.0,0.0,0.0,0.0,0.0,0.0,0.0,0.0,0.0,0.0,0.0,0.0,0.0,0.0,0.0,0.0,0.0,0.0,0.0,0.0,0.0,0.0,0.10000000149011612,765308056,1,0
827477062,2,292,6,0,20000,20,6,0,0,0,16384,0,0,0,0.0,0.0,0.0,1.0,0.0,0.0,0.0,0.0,5.0,5.0,1000,1050,1100,1150,1200,1250,1300,1350,1300,1500,1500,1300,1300,1,1,1,1,1,1,1,1,0,0,0,0,stabilized_mix,0.0,0.0,0.0,0.0,0.0,0.0,0.0,0.0,0.0,0.0,0.0,0.0,0.0,0.0,0.0,0.0,0.0,0.0,0.0,0.0,0.0,0.0,0.0,0.0,0.0,0.0,0.0,0.0,0.0,0.0,0.0,0.0,0.0,0.0,0.0,0.0,0.0,0.0,0.0,0.0,0.10000000149011612,1403485669,1,0
827477062,2,292,7,0,24000,24,7,0,0,0,16384,0,0,0,0.0,0.0,0.0,1.0,0.0,0.0,0.0,0.0,6.0,6.0,1000,1050,1100,1150,1200,1250,1300,1350,1300,1500,1500,1300,1300,1,1,1,1,1,1,1,1,0,0,0,0,stabilized_mix,0.0,0.0,0.0,0.0,0.0,0.0,0.0,0.0,0.0,0.0,0.0,0.0,0.0,0.0,0.0,0.0,0.0,0.0,0.0,0.0,0.0,0.0,0.0,0.0,0.0,0.0,0.0,0.0,0.0,0.0,0.0,0.0,0.0,0.0,0.0,0.0,0.0,0.0,0.0,0.0,0.10000000149011612,1848674333,1,0
827477062,2,292,8,0,28000,28,8,0,0,0,16384,0,0,0,0.0,0.0,0.0,1.0,0.0,0.0,0.0,0.0,7.0,7.0,1000,1050,1100,1150,1200,1250,1300,1350,1300,1500,1500,1300,1300,1,1,1,1,1,1,1,1,0,0,0,0,stabilized_mix,0.0,0.0,0.0,0.0,0.0,0.0,0.0,0.0,0.0,0.0,0.0,0.0,0.0,0.0,0.0,0.0,0.0,0.0,0.0,0.0,0.0,0.0,0.0,0.0,0.0,0.0,0.0,0.0,0.0,0.0,0.0,0.0,0.0,0.0,0.0,0.0,0.0,0.0,0.0,0.0,0.10000000149011612,3396834079,1,0
827477062,2,292,9,0,32000,32,9,0,0,0,16384,0,0,0,0.0,0.0,0.0,1.0,0.0,0.0,0.0,0.0,8.0,8.0,1000,1050,1100,1150,1200,1250,1300,1350,1300,1500,1500,1300,1300,1,1,1,1,1,1,1,1,0,0,0,0,stabilized_mix,0.0,0.0,0.0,0.0,0.0,0.0,0.0,0.0,0.0,0.0,0.0,0.0,0.0,0.0,0.0,0.0,0.0,0.0,0.0,0.0,0.0,0.0,0.0,0.0,0.0,0.0,0.0,0.0,0.0,0.0,0.0,0.0,0.0,0.0,0.0,0.0,0.0,0.0,0.0,0.0,0.10000000149011612,1878031744,1,0
827477062,2,292,10,0,36000,36,10,0,0,0,16384,0,0,0,0.0,0.0,0.0,1.0,0.0,0.0,0.0,0.0,9.0,9.0,1000,1050,1100,1150,1200,1250,1300,1350,1300,1500,1500,1300,1300,1,1,1,1,1,1,1,1,0,0,0,0,stabilized_mix,0.0,0.0,0.0,0.0,0.0,0.0,0.0,0.0,0.0,0.0,0.0,0.0,0.0,0.0,0.0,0.0,0.0,0.0,0.0,0.0,0.0,0.0,0.0,0.0,0.0,0.0,0.0,0.0,0.0,0.0,0.0,0.0,0.0,0.0,0.0,0.0,0.0,0.0,0.0,0.0,0.10000000149011612,2086955147,1,0
827477062,2,292,11,0,40000,40,11,0,0,0,16384,0,0,0,0.0,0.0,0.0,1.0,0.0,0.0,0.0,0.0,10.0,10.0,1000,1050,1100,1150,1200,1250,1300,1350,1300,1500,1500,1300,1300,1,1,1,1,1,1,1,1,0,0,0,0,stabilized_mix,0.0,0.0,0.0,0.0,0.0,0.0,0.0,0.0,0.0,0.0,0.0,0.0,0.0,0.0,0.0,0.0,0.0,0.0,0.0,0.0,0.0,0.0,0.0,0.0,0.0,0.0,0.0,0.0,0.0,0.0,0.0,0.0,0.0,0.0,0.0,0.0,0.0,0.0,0.0,0.0,0.10000000149011612,4240085466,1,0
827477062,2,292,12,0,44000,44,12,0,0,0,16384,0,0,0,0.0,0.0,0.0,1.0,0.0,0.0,0.0,0.0,11.0,11.0,1000,1050,1100,1150,1200,1250,1300,1350,1300,1500,1500,1300,1300,1,1,1,1,1,1,1,1,0,0,0,0,stabilized_mix,0.0,0.0,0.0,0.0,0.0,0.0,0.0,0.0,0.0,0.0,0.0,0.0,0.0,0.0,0.0,0.0,0.0,0.0,0.0,0.0,0.0,0.0,0.0,0.0,0.0,0.0,0.0,0.0,0.0,0.0,0.0,0.0,0.0,0.0,0.0,0.0,0.0,0.0,0.0,0.0,0.10000000149011612,1565664404,1,0
827477062,2,292,13,0,48000,48,13,0,0,0,16384,0,0,0,0.0,0.0,0.0,1.0,0.0,0.0,0.0,0.0,12.0,12.0,1000,1050,1100,1150,1200,1250,1300,1350,1300,1500,1500,1300,1300,1,1,1,1,1,1,1,1,0,0,0,0,stabilized_mix,0.0,0.0,0.0,0.0,0.0,0.0,0.0,0.0,0.0,0.0,0.0,0.0,0.0,0.0,0.0,0.0,0.0,0.0,0.0,0.0,0.0,0.0,0.0,0.0,0.0,0.0,0.0,0.0,0.0,0.0,0.0,0.0,0.0,0.0,0.0,0.0,0.0,0.0,0.0,0.0,0.10000000149011612,2087675461,1,0
827477062,2,292,14,0,1000000,1000,14,0,0,0,16384,0,0,0,0.0,0.0,0.0,1.0,0.0,0.0,0.0,1.0,0.0,1.0,1000,1050,1100,1150,1200,1250,1300,1350,1300,1500,1500,1300,1300,1,1,1,1,1,1,1,1,0,0,0,0,stabilized_mix,0.0,0.0,0.0,0.0,0.0,0.0,0.0,0.0,0.0,0.0,0.0,0.0,0.0,0.0,0.0,0.0,0.0,0.0,0.0,0.0,0.0,0.0,0.0,0.0,0.0,0.0,0.0,0.0,0.0,0.0,0.0,0.0,0.0,0.0,0.0,0.0,0.0,0.0,0.0,0.0,0.10000000149011612,1706758018,2,1
827477062,2,292,15,0,1004000,1004,15,0,0,0,16384,0,0,0,0.0,0.0,0.0,1.0,0.0,0.0,0.0,1.0,1.0,2.0,1000,1050,1100,1150,1200,1250,1300,1350,1300,1500,1500,1300,1300,1,1,1,1,1,1,1,1,0,0,0,0,stabilized_mix,0.0,0.0,0.0,0.0,0.0,0.0,0.0,0.0,0.0,0.0,0.0,0.0,0.0,0.0,0.0,0.0,0.0,0.0,0.0,0.0,0.0,0.0,0.0,0.0,0.0,0.0,0.0,0.0,0.0,0.0,0.0,0.0,0.0,0.0,0.0,0.0,0.0,0.0,0.0,0.0,0.10000000149011612,1161364449,2,1
827477062,2,292,16,0,1008000,1008,16,0,0,0,16384,0,0,0,0.0,0.0,0.0,1.0,0.0,0.0,0.0,1.0,2.0,3.0,1000,1050,1100,1150,1200,1250,1300,1350,1300,1500,1500,1300,1300,1,1,1,1,1,1,1,1,0,0,0,0,stabilized_mix,0.0,0.0,0.0,0.0,0.0,0.0,0.0,0.0,0.0,0.0,0.0,0.0,0.0,0.0,0.0,0.0,0.0,0.0,0.0,0.0,0.0,0.0,0.0,0.0,0.0,0.0,0.0,0.0,0.0,0.0,0.0,0.0,0.0,0.0,0.0,0.0,0.0,0.0,0.0,0.0,0.10000000149011612,3643672462,2,1
827477062,2,292,17,0,1012000,1012,17,0,0,0,16384,0,0,0,0.0,0.0,0.0,1.0,0.0,0.0,0.0,1.0,3.0,4.0,1000,1050,1100,1150,1200,1250,1300,1350,1300,1500,1500,1300,1300,1,1,1,1,1,1,1,1,0,0,0,0,stabilized_mix,0.0,0.0,0.0,0.0,0.0,0.0,0.0,0.0,0.0,0.0,0.0,0.0,0.0,0.0,0.0,0.0,0.0,0.0,0.0,0.0,0.0,0.0,0.0,0.0,0.0,0.0,0.0,0.0,0.0,0.0,0.0,0.0,0.0,0.0,0.0,0.0,0.0,0.0,0.0,0.0,0.10000000149011612,1807336626,2,1
827477062,2,292,18,0,1016000,1016,18,0,0,0,16384,0,0,0,0.0,0.0,0.0,1.0,0.0,0.0,0.0,1.0,4.0,5.0,1000,1050,1100,1150,1200,1250,1300,1350,1300,1500,1500,1300,1300,1,1,1,1,1,1,1,1,0,0,0,0,stabilized_mix,0.0,0.0,0.0,0.0,0.0,0.0,0.0,0.0,0.0,0.0,0.0,0.0,0.0,0.0,0.0,0.0,0.0,0.0,0.0,0.0,0.0,0.0,0.0,0.0,0.0,0.0,0.0,0.0,0.0,0.0,0.0,0.0,0.0,0.0,0.0,0.0,0.0,0.0,0.0,0.0,0.10000000149011612,3242797794,2,1
827477062,2,292,19,0,1020000,1020,19,0,0,0,16384,0,0,0,0.0,0.0,0.0,1.0,0.0,0.0,0.0,1.0,5.0,6.0,1000,1050,1100,1150,1200,1250,1300,1350,1300,1500,1500,1300,1300,1,1,1,1,1,1,1,1,0,0,0,0,stabilized_mix,0.0,0.0,0.0,0.0,0.0,0.0,0.0,0.0,0.0,0.0,0.0,0.0,0.0,0.0,0.0,0.0,0.0,0.0,0.0,0.0,0.0,0.0,0.0,0.0,0.0,0.0,0.0,0.0,0.0,0.0,0.0,0.0,0.0,0.0,0.0,0.0,0.0,0.0,0.0,0.0,0.10000000149011612,2131801764,2,1
827477062,2,292,20,0,1024000,1024,20,0,0,0,16384,0,0,0,0.0,0.0,0.0,1.0,0.0,0.0,0.0,1.0,6.0,7.0,1000,1050,1100,1150,1200,1250,1300,1350,1300,1500,1500,1300,1300,1,1,1,1,1,1,1,1,0,0,0,0,stabilized_mix,0.0,0.0,0.0,0.0,0.0,0.0,0.0,0.0,0.0,0.0,0.0,0.0,0.0,0.0,0.0,0.0,0.0,0.0,0.0,0.0,0.0,0.0,0.0,0.0,0.0,0.0,0.0,0.0,0.0,0.0,0.0,0.0,0.0,0.0,0.0,0.0,0.0,0.0,0.0,0.0,0.10000000149011612,4136383244,2,1
827477062,2,292,21,0,1028000,1028,21,0,0,0,16384,0,0,0,0.0,0.0,0.0,1.0,0.0,0.0,0.0,1.0,7.0,8.0,1000,1050,1100,1150,1200,1250,1300,1350,1300,1500,1500,1300,1300,1,1,1,1,1,1,1,1,0,0,0,0,stabilized_mix,0.0,0.0,0.0,0.0,0.0,0.0,0.0,0.0,0.0,0.0,0.0,0.0,0.0,0.0,0.0,0.0,0.0,0.0,0.0,0.0,0.0,0.0,0.0,0.0,0.0,0.0,0.0,0.0,0.0,0.0,0.0,0.0,0.0,0.0,0.0,0.0,0.0,0.0,0.0,0.0,0.10000000149011612,313466910,2,1
827477062,2,292,22,0,1032000,1032,22,0,0,0,16384,0,0,0,0.0,0.0,0.0,1.0,0.0,0.0,0.0,1.0,8.0,9.0,1000,1050,1100,1150,1200,1250,1300,1350,1300,1500,1500,1300,1300,1,1,1,1,1,1,1,1,0,0,0,0,stabilized_mix,0.0,0.0,0.0,0.0,0.0,0.0,0.0,0.0,0.0,0.0,0.0,0.0,0.0,0.0,0.0,0.0,0.0,0.0,0.0,0.0,0.0,0.0,0.0,0.0,0.0,0.0,0.0,0.0,0.0,0.0,0.0,0.0,0.0,0.0,0.0,0.0,0.0,0.0,0.0,0.0,0.10000000149011612,4054608311,2,1
827477062,2,292,23,0,1036000,1036,23,0,0,0,16384,0,0,0,0.0,0.0,0.0,1.0,0.0,0.0,0.0,1.0,9.0,10.0,1000,1050,1100,1150,1200,1250,1300,1350,1300,1500,1500,1300,1300,1,1,1,1,1,1,1,1,0,0,0,0,stabilized_mix,0.0,0.0,0.0,0.0,0.0,0.0,0.0,0.0,0.0,0.0,0.0,0.0,0.0,0.0,0.0,0.0,0.0,0.0,0.0,0.0,0.0,0.0,0.0,0.0,0.0,0.0,0.0,0.0,0.0,0.0,0.0,0.0,0.0,0.0,0.0,0.0,0.0,0.0,0.0,0.0,0.10000000149011612,3013941419,2,1
827477062,2,292,24,0,1040000,1040,24,0,0,0,16384,0,0,0,0.0,0.0,0.0,1.0,0.0,0.0,0.0,1.0,10.0,11.0,1000,1050,1100,1150,1200,1250,1300,1350,1300,1500,1500,1300,1300,1,1,1,1,1,1,1,1,0,0,0,0,stabilized_mix,0.0,0.0,0.0,0.0,0.0,0.0,0.0,0.0,0.0,0.0,0.0,0.0,0.0,0.0,0.0,0.0,0.0,0.0,0.0,0.0,0.0,0.0,0.0,0.0,0.0,0.0,0.0,0.0,0.0,0.0,0.0,0.0,0.0,0.0,0.0,0.0,0.0,0.0,0.0,0.0,0.10000000149011612,2191628654,2,1
827477062,2,292,25,0,1044000,1044,25,0,0,0,16384,0,0,0,0.0,0.0,0.0,1.0,0.0,0.0,0.0,1.0,11.0,12.0,1000,1050,1100,1150,1200,1250,1300,1350,1300,1500,1500,1300,1300,1,1,1,1,1,1,1,1,0,0,0,0,stabilized_mix,0.0,0.0,0.0,0.0,0.0,0.0,0.0,0.0,0.0,0.0,0.0,0.0,0.0,0.0,0.0,0.0,0.0,0.0,0.0,0.0,0.0,0.0,0.0,0.0,0.0,0.0,0.0,0.0,0.0,0.0,0.0,0.0,0.0,0.0,0.0,0.0,0.0,0.0,0.0,0.0,0.10000000149011612,722810858,2,1
827477062,2,292,26,0,1048000,1048,26,0,0,0,16384,0,0,0,0.0,0.0,0.0,1.0,0.0,0.0,0.0,1.0,12.0,13.0,1000,1050,1100,1150,1200,1250,1300,1350,1300,1500,1500,1300,1300,1,1,1,1,1,1,1,1,0,0,0,0,stabilized_mix,0.0,0.0,0.0,0.0,0.0,0.0,0.0,0.0,0.0,0.0,0.0,0.0,0.0,0.0,0.0,0.0,0.0,0.0,0.0,0.0,0.0,0.0,0.0,0.0,0.0,0.0,0.0,0.0,0.0,0.0,0.0,0.0,0.0,0.0,0.0,0.0,0.0,0.0,0.0,0.0,0.10000000149011612,1296644350,2,1
827477062,2,292,27,0,2000000,2000,27,0,0,0,16384,0,0,0,0.0,0.0,0.0,1.0,0.0,0.0,0.0,2.0,0.0,2.0,1000,1050,1100,1150,1200,1250,1300,1350,1300,1500,1500,1300,1300,1,1,1,1,1,1,1,1,0,0,0,0,stabilized_mix,0.0,0.0,0.0,0.0,0.0,0.0,0.0,0.0,0.0,0.0,0.0,0.0,0.0,0.0,0.0,0.0,0.0,0.0,0.0,0.0,0.0,0.0,0.0,0.0,0.0,0.0,0.0,0.0,0.0,0.0,0.0,0.0,0.0,0.0,0.0,0.0,0.0,0.0,0.0,0.0,0.10000000149011612,1040628043,3,2
827477062,2,292,28,0,2004000,2004,28,0,0,0,16384,0,0,0,0.0,0.0,0.0,1.0,0.0,0.0,0.0,2.0,1.0,3.0,1000,1050,1100,1150,1200,1250,1300,1350,1300,1500,1500,1300,1300,1,1,1,1,1,1,1,1,0,0,0,0,stabilized_mix,0.0,0.0,0.0,0.0,0.0,0.0,0.0,0.0,0.0,0.0,0.0,0.0,0.0,0.0,0.0,0.0,0.0,0.0,0.0,0.0,0.0,0.0,0.0,0.0,0.0,0.0,0.0,0.0,0.0,0.0,0.0,0.0,0.0,0.0,0.0,0.0,0.0,0.0,0.0,0.0,0.10000000149011612,3378280315,3,2
827477062,2,292,29,0,2008000,2008,29,0,0,0,16384,0,0,0,0.0,0.0,0.0,1.0,0.0,0.0,0.0,2.0,2.0,4.0,1000,1050,1100,1150,1200,1250,1300,1350,1300,1500,1500,1300,1300,1,1,1,1,1,1,1,1,0,0,0,0,stabilized_mix,0.0,0.0,0.0,0.0,0.0,0.0,0.0,0.0,0.0,0.0,0.0,0.0,0.0,0.0,0.0,0.0,0.0,0.0,0.0,0.0,0.0,0.0,0.0,0.0,0.0,0.0,0.0,0.0,0.0,0.0,0.0,0.0,0.0,0.0,0.0,0.0,0.0,0.0,0.0,0.0,0.10000000149011612,2474749917,3,2
827477062,2,292,30,0,2012000,2012,30,0,0,0,16384,0,0,0,0.0,0.0,0.0,1.0,0.0,0.0,0.0,2.0,3.0,5.0,1000,1050,1100,1150,1200,1250,1300,1350,1300,1500,1500,1300,1300,1,1,1,1,1,1,1,1,0,0,0,0,stabilized_mix,0.0,0.0,0.0,0.0,0.0,0.0,0.0,0.0,0.0,0.0,0.0,0.0,0.0,0.0,0.0,0.0,0.0,0.0,0.0,0.0,0.0,0.0,0.0,0.0,0.0,0.0,0.0,0.0,0.0,0.0,0.0,0.0,0.0,0.0,0.0,0.0,0.0,0.0,0.0,0.0,0.10000000149011612,1809432549,3,2
827477062,2,292,31,0,2016000,2016,31,0,0,0,16384,0,0,0,0.0,0.0,0.0,1.0,0.0,0.0,0.0,2.0,4.0,6.0,1000,1050,1100,1150,1200,1250,1300,1350,1300,1500,1500,1300,1300,1,1,1,1,1,1,1,1,0,0,0,0,stabilized_mix,0.0,0.0,0.0,0.0,0.0,0.0,0.0,0.0,0.0,0.0,0.0,0.0,0.0,0.0,0.0,0.0,0.0,0.0,0.0,0.0,0.0,0.0,0.0,0.0,0.0,0.0,0.0,0.0,0.0,0.0,0.0,0.0,0.0,0.0,0.0,0.0,0.0,0.0,0.0,0.0,0.10000000149011612,2232816658,3,2
827477062,2,292,32,0,2020000,2020,32,0,0,0,16384,0,0,0,0.0,0.0,0.0,1.0,0.0,0.0,0.0,2.0,5.0,7.0,1000,1050,1100,1150,1200,1250,1300,1350,1300,1500,1500,1300,1300,1,1,1,1,1,1,1,1,0,0,0,0,stabilized_mix,0.0,0.0,0.0,0.0,0.0,0.0,0.0,0.0,0.0,0.0,0.0,0.0,0.0,0.0,0.0,0.0,0.0,0.0,0.0,0.0,0.0,0.0,0.0,0.0,0.0,0.0,0.0,0.0,0.0,0.0,0.0,0.0,0.0,0.0,0.0,0.0,0.0,0.0,0.0,0.0,0.10000000149011612,3886812035,3,2
827477062,2,292,33,0,2024000,2024,33,0,0,0,16384,0,0,0,0.0,0.0,0.0,1.0,0.0,0.0,0.0,2.0,6.0,8.0,1000,1050,1100,1150,1200,1250,1300,1350,1300,1500,1500,1300,1300,1,1,1,1,1,1,1,1,0,0,0,0,stabilized_mix,0.0,0.0,0.0,0.0,0.0,0.0,0.0,0.0,0.0,0.0,0.0,0.0,0.0,0.0,0.0,0.0,0.0,0.0,0.0,0.0,0.0,0.0,0.0,0.0,0.0,0.0,0.0,0.0,0.0,0.0,0.0,0.0,0.0,0.0,0.0,0.0,0.0,0.0,0.0,0.0,0.10000000149011612,839749894,3,2
827477062,2,292,34,0,2028000,2028,34,0,0,0,16384,0,0,0,0.0,0.0,0.0,1.0,0.0,0.0,0.0,2.0,7.0,9.0,1000,1050,1100,1150,1200,1250,1300,1350,1300,1500,1500,1300,1300,1,1,1,1,1,1,1,1,0,0,0,0,stabilized_mix,0.0,0.0,0.0,0.0,0.0,0.0,0.0,0.0,0.0,0.0,0.0,0.0,0.0,0.0,0.0,0.0,0.0,0.0,0.0,0.0,0.0,0.0,0.0,0.0,0.0,0.0,0.0,0.0,0.0,0.0,0.0,0.0,0.0,0.0,0.0,0.0,0.0,0.0,0.0,0.0,0.10000000149011612,761462517,3,2
827477062,2,292,35,0,2032000,2032,35,0,0,0,16384,0,0,0,0.0,0.0,0.0,1.0,0.0,0.0,0.0,2.0,8.0,10.0,1000,1050,1100,1150,1200,1250,1300,1350,1300,1500,1500,1300,1300,1,1,1,1,1,1,1,1,0,0,0,0,stabilized_mix,0.0,0.0,0.0,0.0,0.0,0.0,0.0,0.0,0.0,0.0,0.0,0.0,0.0,0.0,0.0,0.0,0.0,0.0,0.0,0.0,0.0,0.0,0.0,0.0,0.0,0.0,0.0,0.0,0.0,0.0,0.0,0.0,0.0,0.0,0.0,0.0,0.0,0.0,0.0,0.0,0.10000000149011612,1876260399,3,2
827477062,2,292,36,0,2036000,2036,36,0,0,0,16384,0,0,0,0.0,0.0,0.0,1.0,0.0,0.0,0.0,2.0,9.0,11.0,1000,1050,1100,1150,1200,1250,1300,1350,1300,1500,1500,1300,1300,1,1,1,1,1,1,1,1,0,0,0,0,stabilized_mix,0.0,0.0,0.0,0.0,0.0,0.0,0.0,0.0,0.0,0.0,0.0,0.0,0.0,0.0,0.0,0.0,0.0,0.0,0.0,0.0,0.0,0.0,0.0,0.0,0.0,0.0,0.0,0.0,0.0,0.0,0.0,0.0,0.0,0.0,0.0,0.0,0.0,0.0,0.0,0.0,0.10000000149011612,4275373834,3,2
827477062,2,292,37,0,2040000,2040,37,0,0,0,16384,0,0,0,0.0,0.0,0.0,1.0,0.0,0.0,0.0,2.0,10.0,12.0,1000,1050,1100,1150,1200,1250,1300,1350,1300,1500,1500,1300,1300,1,1,1,1,1,1,1,1,0,0,0,0,stabilized_mix,0.0,0.0,0.0,0.0,0.0,0.0,0.0,0.0,0.0,0.0,0.0,0.0,0.0,0.0,0.0,0.0,0.0,0.0,0.0,0.0,0.0,0.0,0.0,0.0,0.0,0.0,0.0,0.0,0.0,0.0,0.0,0.0,0.0,0.0,0.0,0.0,0.0,0.0,0.0,0.0,0.10000000149011612,205288319,3,2
827477062,2,292,38,0,2044000,2044,38,0,0,0,16384,0,0,0,0.0,0.0,0.0,1.0,0.0,0.0,0.0,2.0,11.0,13.0,1000,1050,1100,1150,1200,1250,1300,1350,1300,1500,1500,1300,1300,1,1,1,1,1,1,1,1,0,0,0,0,stabilized_mix,0.0,0.0,0.0,0.0,0.0,0.0,0.0,0.0,0.0,0.0,0.0,0.0,0.0,0.0,0.0,0.0,0.0,0.0,0.0,0.0,0.0,0.0,0.0,0.0,0.0,0.0,0.0,0.0,0.0,0.0,0.0,0.0,0.0,0.0,0.0,0.0,0.0,0.0,0.0,0.0,0.10000000149011612,1440310973,3,2
827477062,2,292,39,0,2048000,2048,39,0,0,0,16384,0,0,0,0.0,0.0,0.0,1.0,0.0,0.0,0.0,2.0,12.0,14.0,1000,1050,1100,1150,1200,1250,1300,1350,1300,1500,1500,1300,1300,1,1,1,1,1,1,1,1,0,0,0,0,stabilized_mix,0.0,0.0,0.0,0.0,0.0,0.0,0.0,0.0,0.0,0.0,0.0,0.0,0.0,0.0,0.0,0.0,0.0,0.0,0.0,0.0,0.0,0.0,0.0,0.0,0.0,0.0,0.0,0.0,0.0,0.0,0.0,0.0,0.0,0.0,0.0,0.0,0.0,0.0,0.0,0.0,0.10000000149011612,3726760115,3,2
827477062,2,292,40,0,3000000,3000,40,0,0,0,16384,0,0,0,0.0,0.0,0.0,1.0,0.0,0.0,0.0,3.0,0.0,3.0,1000,1050,1100,1150,1200,1250,1300,1350,1300,1500,1500,1300,1300,1,1,1,1,1,1,1,1,0,0,0,0,stabilized_mix,0.0,0.0,0.0,0.0,0.0,0.0,0.0,0.0,0.0,0.0,0.0,0.0,0.0,0.0,0.0,0.0,0.0,0.0,0.0,0.0,0.0,0.0,0.0,0.0,0.0,0.0,0.0,0.0,0.0,0.0,0.0,0.0,0.0,0.0,0.0,0.0,0.0,0.0,0.0,0.0,0.10000000149011612,1923159506,4,3
827477062,2,292,41,0,3004000,3004,41,0,0,0,16384,0,0,0,0.0,0.0,0.0,1.0,0.0,0.0,0.0,3.0,1.0,4.0,1000,1050,1100,1150,1200,1250,1300,1350,1300,1500,1500,1300,1300,1,1,1,1,1,1,1,1,0,0,0,0,stabilized_mix,0.0,0.0,0.0,0.0,0.0,0.0,0.0,0.0,0.0,0.0,0.0,0.0,0.0,0.0,0.0,0.0,0.0,0.0,0.0,0.0,0.0,0.0,0.0,0.0,0.0,0.0,0.0,0.0,0.0,0.0,0.0,0.0,0.0,0.0,0.0,0.0,0.0,0.0,0.0,0.0,0.10000000149011612,3219379647,4,3
827477062,2,292,42,0,3008000,3008,42,0,0,0,16384,0,0,0,0.0,0.0,0.0,1.0,0.0,0.0,0.0,3.0,2.0,5.0,1000,1050,1100,1150,1200,1250,1300,1350,1300,1500,1500,1300,1300,1,1,1,1,1,1,1,1,0,0,0,0,stabilized_mix,0.0,0.0,0.0,0.0,0.0,0.0,0.0,0.0,0.0,0.0,0.0,0.0,0.0,0.0,0.0,0.0,0.0,0.0,0.0,0.0,0.0,0.0,0.0,0.0,0.0,0.0,0.0,0.0,0.0,0.0,0.0,0.0,0.0,0.0,0.0,0.0,0.0,0.0,0.0,0.0,0.10000000149011612,2826558120,4,3
827477062,2,292,43,0,3012000,3012,43,0,0,0,16384,0,0,0,0.0,0.0,0.0,1.0,0.0,0.0,0.0,3.0,3.0,6.0,1000,1050,1100,1150,1200,1250,1300,1350,1300,1500,1500,1300,1300,1,1,1,1,1,1,1,1,0,0,0,0,stabilized_mix,0.0,0.0,0.0,0.0,0.0,0.0,0.0,0.0,0.0,0.0,0.0,0.0,0.0,0.0,0.0,0.0,0.0,0.0,0.0,0.0,0.0,0.0,0.0,0.0,0.0,0.0,0.0,0.0,0.0,0.0,0.0,0.0,0.0,0.0,0.0,0.0,0.0,0.0,0.0,0.0,0.10000000149011612,2903401978,4,3
827477062,2,292,44,0,3016000,3016,44,0,0,0,16384,0,0,0,0.0,0.0,0.0,1.0,0.0,0.0,0.0,3.0,4.0,7.0,1000,1050,1100,1150,1200,1250,1300,1350,1300,1500,1500,1300,1300,1,1,1,1,1,1,1,1,0,0,0,0,stabilized_mix,0.0,0.0,0.0,0.0,0.0,0.0,0.0,0.0,0.0,0.0,0.0,0.0,0.0,0.0,0.0,0.0,0.0,0.0,0.0,0.0,0.0,0.0,0.0,0.0,0.0,0.0,0.0,0.0,0.0,0.0,0.0,0.0,0.0,0.0,0.0,0.0,0.0,0.0,0.0,0.0,0.10000000149011612,3151167344,4,3
827477062,2,292,45,0,3020000,3020,45,0,0,0,16384,0,0,0,0.0,0.0,0.0,1.0,0.0,0.0,0.0,3.0,5.0,8.0,1000,1050,1100,1150,1200,1250,1300,1350,1300,1500,1500,1300,1300,1,1,1,1,1,1,1,1,0,0,0,0,stabilized_mix,0.0,0.0,0.0,0.0,0.0,0.0,0.0,0.0,0.0,0.0,0.0,0.0,0.0,0.0,0.0,0.0,0.0,0.0,0.0,0.0,0.0,0.0,0.0,0.0,0.0,0.0,0.0,0.0,0.0,0.0,0.0,0.0,0.0,0.0,0.0,0.0,0.0,0.0,0.0,0.0,0.10000000149011612,3949928278,4,3
827477062,2,292,46,0,3024000,3024,46,0,0,0,16384,0,0,0,0.0,0.0,0.0,1.0,0.0,0.0,0.0,3.0,6.0,9.0,1000,1050,1100,1150,1200,1250,1300,1350,1300,1500,1500,1300,1300,1,1,1,1,1,1,1,1,0,0,0,0,stabilized_mix,0.0,0.0,0.0,0.0,0.0,0.0,0.0,0.0,0.0,0.0,0.0,0.0,0.0,0.0,0.0,0.0,0.0,0.0,0.0,0.0,0.0,0.0,0.0,0.0,0.0,0.0,0.0,0.0,0.0,0.0,0.0,0.0,0.0,0.0,0.0,0.0,0.0,0.0,0.0,0.0,0.10000000149011612,1681416053,4,3
827477062,2,292,47,0,3028000,3028,47,0,0,0,16384,0,0,0,0.0,0.0,0.0,1.0,0.0,0.0,0.0,3.0,7.0,10.0,1000,1050,1100,1150,1200,1250,1300,1350,1300,1500,1500,1300,1300,1,1,1,1,1,1,1,1,0,0,0,0,stabilized_mix,0.0,0.0,0.0,0.0,0.0,0.0,0.0,0.0,0.0,0.0,0.0,0.0,0.0,0.0,0.0,0.0,0.0,0.0,0.0,0.0,0.0,0.0,0.0,0.0,0.0,0.0,0.0,0.0,0.0,0.0,0.0,0.0,0.0,0.0,0.0,0.0,0.0,0.0,0.0,0.0,0.10000000149011612,1045046866,4,3
827477062,2,292,48,0,3032000,3032,48,0,0,0,16384,0,0,0,0.0,0.0,0.0,1.0,0.0,0.0,0.0,3.0,8.0,11.0,1000,1050,1100,1150,1200,1250,1300,1350,1300,1500,1500,1300,1300,1,1,1,1,1,1,1,1,0,0,0,0,stabilized_mix,0.0,0.0,0.0,0.0,0.0,0.0,0.0,0.0,0.0,0.0,0.0,0.0,0.0,0.0,0.0,0.0,0.0,0.0,0.0,0.0,0.0,0.0,0.0,0.0,0.0,0.0,0.0,0.0,0.0,0.0,0.0,0.0,0.0,0.0,0.0,0.0,0.0,0.0,0.0,0.0,0.10000000149011612,2729180913,4,3
827477062,2,292,49,0,3036000,3036,49,0,0,0,16384,0,0,0,0.0,0.0,0.0,1.0,0.0,0.0,0.0,3.0,9.0,12.0,1000,1050,1100,1150,1200,1250,1300,1350,1300,1500,1500,1300,1300,1,1,1,1,1,1,1,1,0,0,0,0,stabilized_mix,0.0,0.0,0.0,0.0,0.0,0.0,0.0,0.0,0.0,0.0,0.0,0.0,0.0,0.0,0.0,0.0,0.0,0.0,0.0,0.0,0.0,0.0,0.0,0.0,0.0,0.0,0.0,0.0,0.0,0.0,0.0,0.0,0.0,0.0,0.0,0.0,0.0,0.0,0.0,0.0,0.10000000149011612,3400950750,4,3
827477062,2,292,50,0,3040000,3040,50,0,0,0,16384,0,0,0,0.0,0.0,0.0,1.0,0.0,0.0,0.0,3.0,10.0,13.0,1000,1050,1100,1150,1200,1250,1300,1350,1300,1500,1500,1300,1300,1,1,1,1,1,1,1,1,0,0,0,0,stabilized_mix,0.0,0.0,0.0,0.0,0.0,0.0,0.0,0.0,0.0,0.0,0.0,0.0,0.0,0.0,0.0,0.0,0.0,0.0,0.0,0.0,0.0,0.0,0.0,0.0,0.0,0.0,0.0,0.0,0.0,0.0,0.0,0.0,0.0,0.0,0.0,0.0,0.0,0.0,0.0,0.0,0.10000000149011612,2755069768,4,3
827477062,2,292,51,0,3044000,3044,51,0,0,0,16384,0,0,0,0.0,0.0,0.0,1.0,0.0,0.0,0.0,3.0,11.0,14.0,1000,1050,1100,1150,1200,1250,1300,1350,1300,1500,1500,1300,1300,1,1,1,1,1,1,1,1,0,0,0,0,stabilized_mix,0.0,0.0,0.0,0.0,0.0,0.0,0.0,0.0,0.0,0.0,0.0,0.0,0.0,0.0,0.0,0.0,0.0,0.0,0.0,0.0,0.0,0.0,0.0,0.0,0.0,0.0,0.0,0.0,0.0,0.0,0.0,0.0,0.0,0.0,0.0,0.0,0.0,0.0,0.0,0.0,0.10000000149011612,2142512360,4,3
827477062,2,292,52,0,3048000,3048,52,0,0,0,16384,0,0,0,0.0,0.0,0.0,1.0,0.0,0.0,0.0,3.0,12.0,15.0,1000,1050,1100,1150,1200,1250,1300,1350,1300,1500,1500,1300,1300,1,1,1,1,1,1,1,1,0,0,0,0,stabilized_mix,0.0,0.0,0.0,0.0,0.0,0.0,0.0,0.0,0.0,0.0,0.0,0.0,0.0,0.0,0.0,0.0,0.0,0.0,0.0,0.0,0.0,0.0,0.0,0.0,0.0,0.0,0.0,0.0,0.0,0.0,0.0,0.0,0.0,0.0,0.0,0.0,0.0,0.0,0.0,0.0,0.10000000149011612,1543991140,4,3
827477062,2,292,53,0,4000000,4000,53,0,0,0,16384,0,0,0,0.0,0.0,0.0,1.0,0.0,0.0,0.0,4.0,0.0,4.0,1000,1050,1100,1150,1200,1250,1300,1350,1300,1500,1500,1300,1300,1,1,1,1,1,1,1,1,0,0,0,0,stabilized_mix,0.0,0.0,0.0,0.0,0.0,0.0,0.0,0.0,0.0,0.0,0.0,0.0,0.0,0.0,0.0,0.0,0.0,0.0,0.0,0.0,0.0,0.0,0.0,0.0,0.0,0.0,0.0,0.0,0.0,0.0,0.0,0.0,0.0,0.0,0.0,0.0,0.0,0.0,0.0,0.0,0.10000000149011612,3769741315,5,4
827477062,2,292,54,0,4004000,4004,54,0,0,0,16384,0,0,0,0.0,0.0,0.0,1.0,0.0,0.0,0.0,4.0,1.0,5.0,1000,1050,1100,1150,1200,1250,1300,1350,1300,1500,1500,1300,1300,1,1,1,1,1,1,1,1,0,0,0,0,stabilized_mix,0.0,0.0,0.0,0.0,0.0,0.0,0.0,0.0,0.0,0.0,0.0,0.0,0.0,0.0,0.0,0.0,0.0,0.0,0.0,0.0,0.0,0.0,0.0,0.0,0.0,0.0,0.0,0.0,0.0,0.0,0.0,0.0,0.0,0.0,0.0,0.0,0.0,0.0,0.0,0.0,0.10000000149011612,75576113,5,4
827477062,2,292,55,0,4008000,4008,55,0,0,0,16384,0,0,0,0.0,0.0,0.0,1.0,0.0,0.0,0.0,4.0,2.0,6.0,1000,1050,1100,1150,1200,1250,1300,1350,1300,1500,1500,1300,1300,1,1,1,1,1,1,1,1,0,0,0,0,stabilized_mix,0.0,0.0,0.0,0.0,0.0,0.0,0.0,0.0,0.0,0.0,0.0,0.0,0.0,0.0,0.0,0.0,0.0,0.0,0.0,0.0,0.0,0.0,0.0,0.0,0.0,0.0,0.0,0.0,0.0,0.0,0.0,0.0,0.0,0.0,0.0,0.0,0.0,0.0,0.0,0.0,0.10000000149011612,3158036692,5,4
827477062,2,292,56,0,4012000,4012,56,0,0,0,16384,0,0,0,0.0,0.0,0.0,1.0,0.0,0.0,0.0,4.0,3.0,7.0,1000,1050,1100,1150,1200,1250,1300,1350,1300,1500,1500,1300,1300,1,1,1,1,1,1,1,1,0,0,0,0,stabilized_mix,0.0,0.0,0.0,0.0,0.0,0.0,0.0,0.0,0.0,0.0,0.0,0.0,0.0,0.0,0.0,0.0,0.0,0.0,0.0,0.0,0.0,0.0,0.0,0.0,0.0,0.0,0.0,0.0,0.0,0.0,0.0,0.0,0.0,0.0,0.0,0.0,0.0,0.0,0.0,0.0,0.10000000149011612,2624721438,5,4
827477062,2,292,57,0,4016000,4016,57,0,0,0,16384,0,0,0,0.0,0.0,0.0,1.0,0.0,0.0,0.0,4.0,4.0,8.0,1000,1050,1100,1150,1200,1250,1300,1350,1300,1500,1500,1300,1300,1,1,1,1,1,1,1,1,0,0,0,0,stabilized_mix,0.0,0.0,0.0,0.0,0.0,0.0,0.0,0.0,0.0,0.0,0.0,0.0,0.0,0.0,0.0,0.0,0.0,0.0,0.0,0.0,0.0,0.0,0.0,0.0,0.0,0.0,0.0,0.0,0.0,0.0,0.0,0.0,0.0,0.0,0.0,0.0,0.0,0.0,0.0,0.0,0.10000000149011612,3818268738,5,4
827477062,2,292,58,0,4020000,4020,58,0,0,0,16384,0,0,0,0.0,0.0,0.0,1.0,0.0,0.0,0.0,4.0,5.0,9.0,1000,1050,1100,1150,1200,1250,1300,1350,1300,1500,1500,1300,1300,1,1,1,1,1,1,1,1,0,0,0,0,stabilized_mix,0.0,0.0,0.0,0.0,0.0,0.0,0.0,0.0,0.0,0.0,0.0,0.0,0.0,0.0,0.0,0.0,0.0,0.0,0.0,0.0,0.0,0.0,0.0,0.0,0.0,0.0,0.0,0.0,0.0,0.0,0.0,0.0,0.0,0.0,0.0,0.0,0.0,0.0,0.0,0.0,0.10000000149011612,1480587100,5,4
827477062,2,292,59,0,4024000,4024,59,0,0,0,16384,0,0,0,0.0,0.0,0.0,1.0,0.0,0.0,0.0,4.0,6.0,10.0,1000,1050,1100,1150,1200,1250,1300,1350,1300,1500,1500,1300,1300,1,1,1,1,1,1,1,1,0,0,0,0,stabilized_mix,0.0,0.0,0.0,0.0,0.0,0.0,0.0,0.0,0.0,0.0,0.0,0.0,0.0,0.0,0.0,0.0,0.0,0.0,0.0,0.0,0.0,0.0,0.0,0.0,0.0,0.0,0.0,0.0,0.0,0.0,0.0,0.0,0.0,0.0,0.0,0.0,0.0,0.0,0.0,0.0,0.10000000149011612,2270295256,5,4
827477062,2,292,60,0,4028000,4028,60,0,0,0,16384,0,0,0,0.0,0.0,0.0,1.0,0.0,0.0,0.0,4.0,7.0,11.0,1000,1050,1100,1150,1200,1250,1300,1350,1300,1500,1500,1300,1300,1,1,1,1,1,1,1,1,0,0,0,0,stabilized_mix,0.0,0.0,0.0,0.0,0.0,0.0,0.0,0.0,0.0,0.0,0.0,0.0,0.0,0.0,0.0,0.0,0.0,0.0,0.0,0.0,0.0,0.0,0.0,0.0,0.0,0.0,0.0,0.0,0.0,0.0,0.0,0.0,0.0,0.0,0.0,0.0,0.0,0.0,0.0,0.0,0.10000000149011612,4095561505,5,4
827477062,2,292,61,0,4032000,4032,61,0,0,0,16384,0,0,0,0.0,0.0,0.0,1.0,0.0,0.0,0.0,4.0,8.0,12.0,1000,1050,1100,1150,1200,1250,1300,1350,1300,1500,1500,1300,1300,1,1,1,1,1,1,1,1,0,0,0,0,stabilized_mix,0.0,0.0,0.0,0.0,0.0,0.0,0.0,0.0,0.0,0.0,0.0,0.0,0.0,0.0,0.0,0.0,0.0,0.0,0.0,0.0,0.0,0.0,0.0,0.0,0.0,0.0,0.0,0.0,0.0,0.0,0.0,0.0,0.0,0.0,0.0,0.0,0.0,0.0,0.0,0.0,0.10000000149011612,4192464258,5,4
827477062,2,292,62,0,4036000,4036,62,0,0,0,16384,0,0,0,0.0,0.0,0.0,1.0,0.0,0.0,0.0,4.0,9.0,13.0,1000,1050,1100,1150,1200,1250,1300,1350,1300,1500,1500,1300,1300,1,1,1,1,1,1,1,1,0,0,0,0,stabilized_mix,0.0,0.0,0.0,0.0,0.0,0.0,0.0,0.0,0.0,0.0,0.0,0.0,0.0,0.0,0.0,0.0,0.0,0.0,0.0,0.0,0.0,0.0,0.0,0.0,0.0,0.0,0.0,0.0,0.0,0.0,0.0,0.0,0.0,0.0,0.0,0.0,0.0,0.0,0.0,0.0,0.10000000149011612,79710381,5,4
827477062,2,292,63,0,4040000,4040,63,0,0,0,16384,0,0,0,0.0,0.0,0.0,1.0,0.0,0.0,0.0,4.0,10.0,14.0,1000,1050,1100,1150,1200,1250,1300,1350,1300,1500,1500,1300,1300,1,1,1,1,1,1,1,1,0,0,0,0,stabilized_mix,0.0,0.0,0.0,0.0,0.0,0.0,0.0,0.0,0.0,0.0,0.0,0.0,0.0,0.0,0.0,0.0,0.0,0.0,0.0,0.0,0.0,0.0,0.0,0.0,0.0,0.0,0.0,0.0,0.0,0.0,0.0,0.0,0.0,0.0,0.0,0.0,0.0,0.0,0.0,0.0,0.10000000149011612,1169654359,5,4
827477062,2,292,64,0,4044000,4044,64,0,0,0,16384,0,0,0,0.0,0.0,0.0,1.0,0.0,0.0,0.0,4.0,11.0,15.0,1000,1050,1100,1150,1200,1250,1300,1350,1300,1500,1500,1300,1300,1,1,1,1,1,1,1,1,0,0,0,0,stabilized_mix,0.0,0.0,0.0,0.0,0.0,0.0,0.0,0.0,0.0,0.0,0.0,0.0,0.0,0.0,0.0,0.0,0.0,0.0,0.0,0.0,0.0,0.0,0.0,0.0,0.0,0.0,0.0,0.0,0.0,0.0,0.0,0.0,0.0,0.0,0.0,0.0,0.0,0.0,0.0,0.0,0.10000000149011612,2702540158,5,4
827477062,2,292,65,0,4048000,4048,65,0,0,0,16384,0,0,0,0.0,0.0,0.0,1.0,0.0,0.0,0.0,4.0,12.0,16.0,1000,1050,1100,1150,1200,1250,1300,1350,1300,1500,1500,1300,1300,1,1,1,1,1,1,1,1,0,0,0,0,stabilized_mix,0.0,0.0,0.0,0.0,0.0,0.0,0.0,0.0,0.0,0.0,0.0,0.0,0.0,0.0,0.0,0.0,0.0,0.0,0.0,0.0,0.0,0.0,0.0,0.0,0.0,0.0,0.0,0.0,0.0,0.0,0.0,0.0,0.0,0.0,0.0,0.0,0.0,0.0,0.0,0.0,0.10000000149011612,1653946106,5,4
827477062,2,292,66,0,5000000,5000,66,0,0,0,16384,0,0,0,0.0,0.0,0.0,1.0,0.0,0.0,0.0,5.0,0.0,5.0,1000,1050,1100,1150,1200,1250,1300,1350,1300,1500,1500,1300,1300,1,1,1,1,1,1,1,1,0,0,0,0,stabilized_mix,0.0,0.0,0.0,0.0,0.0,0.0,0.0,0.0,0.0,0.0,0.0,0.0,0.0,0.0,0.0,0.0,0.0,0.0,0.0,0.0,0.0,0.0,0.0,0.0,0.0,0.0,0.0,0.0,0.0,0.0,0.0,0.0,0.0,0.0,0.0,0.0,0.0,0.0,0.0,0.0,0.10000000149011612,3337591171,6,5
827477062,2,292,67,0,5004000,5004,67,0,0,0,16384,0,0,0,0.0,0.0,0.0,1.0,0.0,0.0,0.0,5.0,1.0,6.0,1000,1050,1100,1150,1200,1250,1300,1350,1300,1500,1500,1300,1300,1,1,1,1,1,1,1,1,0,0,0,0,stabilized_mix,0.0,0.0,0.0,0.0,0.0,0.0,0.0,0.0,0.0,0.0,0.0,0.0,0.0,0.0,0.0,0.0,0.0,0.0,0.0,0.0,0.0,0.0,0.0,0.0,0.0,0.0,0.0,0.0,0.0,0.0,0.0,0.0,0.0,0.0,0.0,0.0,0.0,0.0,0.0,0.0,0.10000000149011612,2067137846,6,5
827477062,2,292,68,0,5008000,5008,68,0,0,0,16384,0,0,0,0.0,0.0,0.0,1.0,0.0,0.0,0.0,5.0,2.0,7.0,1000,1050,1100,1150,1200,1250,1300,1350,1300,1500,1500,1300,1300,1,1,1,1,1,1,1,1,0,0,0,0,stabilized_mix,0.0,0.0,0.0,0.0,0.0,0.0,0.0,0.0,0.0,0.0,0.0,0.0,0.0,0.0,0.0,0.0,0.0,0.0,0.0,0.0,0.0,0.0,0.0,0.0,0.0,0.0,0.0,0.0,0.0,0.0,0.0,0.0,0.0,0.0,0.0,0.0,0.0,0.0,0.0,0.0,0.10000000149011612,2162157686,6,5
827477062,2,292,69,0,5012000,5012,69,0,0,0,16384,0,0,0,0.0,0.0,0.0,1.0,0.0,0.0,0.0,5.0,3.0,8.0,1000,1050,1100,1150,1200,1250,1300,1350,1300,1500,1500,1300,1300,1,1,1,1,1,1,1,1,0,0,0,0,stabilized_mix,0.0,0.0,0.0,0.0,0.0,0.0,0.0,0.0,0.0,0.0,0.0,0.0,0.0,0.0,0.0,0.0,0.0,0.0,0.0,0.0,0.0,0.0,0.0,0.0,0.0,0.0,0.0,0.0,0.0,0.0,0.0,0.0,0.0,0.0,0.0,0.0,0.0,0.0,0.0,0.0,0.10000000149011612,2889288690,6,5
827477062,2,292,70,0,5016000,5016,70,0,0,0,16384,0,0,0,0.0,0.0,0.0,1.0,0.0,0.0,0.0,5.0,4.0,9.0,1000,1050,1100,1150,1200,1250,1300,1350,1300,1500,1500,1300,1300,1,1,1,1,1,1,1,1,0,0,0,0,stabilized_mix,0.0,0.0,0.0,0.0,0.0,0.0,0.0,0.0,0.0,0.0,0.0,0.0,0.0,0.0,0.0,0.0,0.0,0.0,0.0,0.0,0.0,0.0,0.0,0.0,0.0,0.0,0.0,0.0,0.0,0.0,0.0,0.0,0.0,0.0,0.0,0.0,0.0,0.0,0.0,0.0,0.10000000149011612,2644875723,6,5
827477062,2,292,71,0,5020000,5020,71,0,0,0,16384,0,0,0,0.0,0.0,0.0,1.0,0.0,0.0,0.0,5.0,5.0,10.0,1000,1050,1100,1150,1200,1250,1300,1350,1300,1500,1500,1300,1300,1,1,1,1,1,1,1,1,0,0,0,0,stabilized_mix,0.0,0.0,0.0,0.0,0.0,0.0,0.0,0.0,0.0,0.0,0.0,0.0,0.0,0.0,0.0,0.0,0.0,0.0,0.0,0.0,0.0,0.0,0.0,0.0,0.0,0.0,0.0,0.0,0.0,0.0,0.0,0.0,0.0,0.0,0.0,0.0,0.0,0.0,0.0,0.0,0.10000000149011612,3352813804,6,5
827477062,2,292,72,0,5024000,5024,72,0,0,0,16384,0,0,0,0.0,0.0,0.0,1.0,0.0,0.0,0.0,5.0,6.0,11.0,1000,1050,1100,1150,1200,1250,1300,1350,1300,1500,1500,1300,1300,1,1,1,1,1,1,1,1,0,0,0,0,stabilized_mix,0.0,0.0,0.0,0.0,0.0,0.0,0.0,0.0,0.0,0.0,0.0,0.0,0.0,0.0,0.0,0.0,0.0,0.0,0.0,0.0,0.0,0.0,0.0,0.0,0.0,0.0,0.0,0.0,0.0,0.0,0.0,0.0,0.0,0.0,0.0,0.0,0.0,0.0,0.0,0.0,0.10000000149011612,3601626679,6,5
827477062,2,292,73,0,5028000,5028,73,0,0,0,16384,0,0,0,0.0,0.0,0.0,1.0,0.0,0.0,0.0,5.0,7.0,12.0,1000,1050,1100,1150,1200,1250,1300,1350,1300,1500,1500,1300,1300,1,1,1,1,1,1,1,1,0,0,0,0,stabilized_mix,0.0,0.0,0.0,0.0,0.0,0.0,0.0,0.0,0.0,0.0,0.0,0.0,0.0,0.0,0.0,0.0,0.0,0.0,0.0,0.0,0.0,0.0,0.0,0.0,0.0,0.0,0.0,0.0,0.0,0.0,0.0,0.0,0.0,0.0,0.0,0.0,0.0,0.0,0.0,0.0,0.10000000149011612,1061204383,6,5
827477062,2,292,74,0,5032000,5032,74,0,0,0,16384,0,0,0,0.0,0.0,0.0,1.0,0.0,0.0,0.0,5.0,8.0,13.0,1000,1050,1100,1150,1200,1250,1300,1350,1300,1500,1500,1300,1300,1,1,1,1,1,1,1,1,0,0,0,0,stabilized_mix,0.0,0.0,0.0,0.0,0.0,0.0,0.0,0.0,0.0,0.0,0.0,0.0,0.0,0.0,0.0,0.0,0.0,0.0,0.0,0.0,0.0,0.0,0.0,0.0,0.0,0.0,0.0,0.0,0.0,0.0,0.0,0.0,0.0,0.0,0.0,0.0,0.0,0.0,0.0,0.0,0.10000000149011612,1170844298,6,5
827477062,2,292,75,0,5036000,5036,75,0,0,0,16384,0,0,0,0.0,0.0,0.0,1.0,0.0,0.0,0.0,5.0,9.0,14.0,1000,1050,1100,1150,1200,1250,1300,1350,1300,1500,1500,1300,1300,1,1,1,1,1,1,1,1,0,0,0,0,stabilized_mix,0.0,0.0,0.0,0.0,0.0,0.0,0.0,0.0,0.0,0.0,0.0,0.0,0.0,0.0,0.0,0.0,0.0,0.0,0.0,0.0,0.0,0.0,0.0,0.0,0.0,0.0,0.0,0.0,0.0,0.0,0.0,0.0,0.0,0.0,0.0,0.0,0.0,0.0,0.0,0.0,0.10000000149011612,2813878507,6,5
827477062,2,292,76,0,5040000,5040,76,0,0,0,16384,0,0,0,0.0,0.0,0.0,1.0,0.0,0.0,0.0,5.0,10.0,15.0,1000,1050,1100,1150,1200,1250,1300,1350,1300,1500,1500,1300,1300,1,1,1,1,1,1,1,1,0,0,0,0,stabilized_mix,0.0,0.0,0.0,0.0,0.0,0.0,0.0,0.0,0.0,0.0,0.0,0.0,0.0,0.0,0.0,0.0,0.0,0.0,0.0,0.0,0.0,0.0,0.0,0.0,0.0,0.0,0.0,0.0,0.0,0.0,0.0,0.0,0.0,0.0,0.0,0.0,0.0,0.0,0.0,0.0,0.10000000149011612,497949962,6,5
827477062,2,292,77,0,5044000,5044,77,0,0,0,16384,0,0,0,0.0,0.0,0.0,1.0,0.0,0.0,0.0,5.0,11.0,16.0,1000,1050,1100,1150,1200,1250,1300,1350,1300,1500,1500,1300,1300,1,1,1,1,1,1,1,1,0,0,0,0,stabilized_mix,0.0,0.0,0.0,0.0,0.0,0.0,0.0,0.0,0.0,0.0,0.0,0.0,0.0,0.0,0.0,0.0,0.0,0.0,0.0,0.0,0.0,0.0,0.0,0.0,0.0,0.0,0.0,0.0,0.0,0.0,0.0,0.0,0.0,0.0,0.0,0.0,0.0,0.0,0.0,0.0,0.10000000149011612,243588044,6,5
827477062,2,292,78,0,5048000,5048,78,0,0,0,16384,0,0,0,0.0,0.0,0.0,1.0,0.0,0.0,0.0,5.0,12.0,17.0,1000,1050,1100,1150,1200,1250,1300,1350,1300,1500,1500,1300,1300,1,1,1,1,1,1,1,1,0,0,0,0,stabilized_mix,0.0,0.0,0.0,0.0,0.0,0.0,0.0,0.0,0.0,0.0,0.0,0.0,0.0,0.0,0.0,0.0,0.0,0.0,0.0,0.0,0.0,0.0,0.0,0.0,0.0,0.0,0.0,0.0,0.0,0.0,0.0,0.0,0.0,0.0,0.0,0.0,0.0,0.0,0.0,0.0,0.10000000149011612,4264020910,6,5
827477062,2,292,79,0,6000000,6000,79,0,0,0,16384,0,0,0,0.0,0.0,0.0,1.0,0.0,0.0,0.0,6.0,0.0,6.0,1000,1050,1100,1150,1200,1250,1300,1350,1300,1500,1500,1300,1300,1,1,1,1,1,1,1,1,0,0,0,0,stabilized_mix,0.0,0.0,0.0,0.0,0.0,0.0,0.0,0.0,0.0,0.0,0.0,0.0,0.0,0.0,0.0,0.0,0.0,0.0,0.0,0.0,0.0,0.0,0.0,0.0,0.0,0.0,0.0,0.0,0.0,0.0,0.0,0.0,0.0,0.0,0.0,0.0,0.0,0.0,0.0,0.0,0.10000000149011612,4209770320,7,6
827477062,2,292,80,0,6004000,6004,80,0,0,0,16384,0,0,0,0.0,0.0,0.0,1.0,0.0,0.0,0.0,6.0,1.0,7.0,1000,1050,1100,1150,1200,1250,1300,1350,1300,1500,1500,1300,1300,1,1,1,1,1,1,1,1,0,0,0,0,stabilized_mix,0.0,0.0,0.0,0.0,0.0,0.0,0.0,0.0,0.0,0.0,0.0,0.0,0.0,0.0,0.0,0.0,0.0,0.0,0.0,0.0,0.0,0.0,0.0,0.0,0.0,0.0,0.0,0.0,0.0,0.0,0.0,0.0,0.0,0.0,0.0,0.0,0.0,0.0,0.0,0.0,0.10000000149011612,1783617615,7,6
827477062,2,292,81,0,6008000,6008,81,0,0,0,16384,0,0,0,0.0,0.0,0.0,1.0,0.0,0.0,0.0,6.0,2.0,8.0,1000,1050,1100,1150,1200,1250,1300,1350,1300,1500,1500,1300,1300,1,1,1,1,1,1,1,1,0,0,0,0,stabilized_mix,0.0,0.0,0.0,0.0,0.0,0.0,0.0,0.0,0.0,0.0,0.0,0.0,0.0,0.0,0.0,0.0,0.0,0.0,0.0,0.0,0.0,0.0,0.0,0.0,0.0,0.0,0.0,0.0,0.0,0.0,0.0,0.0,0.0,0.0,0.0,0.0,0.0,0.0,0.0,0.0,0.10000000149011612,1007765450,7,6
827477062,2,292,82,0,6012000,6012,82,0,0,0,16384,0,0,0,0.0,0.0,0.0,1.0,0.0,0.0,0.0,6.0,3.0,9.0,1000,1050,1100,1150,1200,1250,1300,1350,1300,1500,1500,1300,1300,1,1,1,1,1,1,1,1,0,0,0,0,stabilized_mix,0.0,0.0,0.0,0.0,0.0,0.0,0.0,0.0,0.0,0.0,0.0,0.0,0.0,0.0,0.0,0.0,0.0,0.0,0.0,0.0,0.0,0.0,0.0,0.0,0.0,0.0,0.0,0.0,0.0,0.0,0.0,0.0,0.0,0.0,0.0,0.0,0.0,0.0,0.0,0.0,0.10000000149011612,2555382573,7,6
827477062,2,292,83,0,6016000,6016,83,0,0,0,16384,0,0,0,0.0,0.0,0.0,1.0,0.0,0.0,0.0,6.0,4.0,10.0,1000,1050,1100,1150,1200,1250,1300,1350,1300,1500,1500,1300,1300,1,1,1,1,1,1,1,1,0,0,0,0,stabilized_mix,0.0,0.0,0.0,0.0,0.0,0.0,0.0,0.0,0.0,0.0,0.0,0.0,0.0,0.0,0.0,0.0,0.0,0.0,0.0,0.0,0.0,0.0,0.0,0.0,0.0,0.0,0.0,0.0,0.0,0.0,0.0,0.0,0.0,0.0,0.0,0.0,0.0,0.0,0.0,0.0,0.10000000149011612,3684255963,7,6
827477062,2,292,84,0,6020000,6020,84,0,0,0,16384,0,0,0,0.0,0.0,0.0,1.0,0.0,0.0,0.0,6.0,5.0,11.0,1000,1050,1100,1150,1200,1250,1300,1350,1300,1500,1500,1300,1300,1,1,1,1,1,1,1,1,0,0,0,0,stabilized_mix,0.0,0.0,0.0,0.0,0.0,0.0,0.0,0.0,0.0,0.0,0.0,0.0,0.0,0.0,0.0,0.0,0.0,0.0,0.0,0.0,0.0,0.0,0.0,0.0,0.0,0.0,0.0,0.0,0.0,0.0,0.0,0.0,0.0,0.0,0.0,0.0,0.0,0.0,0.0,0.0,0.10000000149011612,1502872802,7,6
827477062,2,292,85,0,6024000,6024,85,0,0,0,16384,0,0,0,0.0,0.0,0.0,1.0,0.0,0.0,0.0,6.0,6.0,12.0,1000,1050,1100,1150,1200,1250,1300,1350,1300,1500,1500,1300,1300,1,1,1,1,1,1,1,1,0,0,0,0,stabilized_mix,0.0,0.0,0.0,0.0,0.0,0.0,0.0,0.0,0.0,0.0,0.0,0.0,0.0,0.0,0.0,0.0,0.0,0.0,0.0,0.0,0.0,0.0,0.0,0.0,0.0,0.0,0.0,0.0,0.0,0.0,0.0,0.0,0.0,0.0,0.0,0.0,0.0,0.0,0.0,0.0,0.10000000149011612,895793641,7,6
827477062,2,292,86,0,6028000,6028,86,0,0,0,16384,0,0,0,0.0,0.0,0.0,1.0,0.0,0.0,0.0,6.0,7.0,13.0,1000,1050,1100,1150,1200,1250,1300,1350,1300,1500,1500,1300,1300,1,1,1,1,1,1,1,1,0,0,0,0,stabilized_mix,0.0,0.0,0.0,0.0,0.0,0.0,0.0,0.0,0.0,0.0,0.0,0.0,0.0,0.0,0.0,0.0,0.0,0.0,0.0,0.0,0.0,0.0,0.0,0.0,0.0,0.0,0.0,0.0,0.0,0.0,0.0,0.0,0.0,0.0,0.0,0.0,0.0,0.0,0.0,0.0,0.10000000149011612,3983603372,7,6
827477062,2,292,87,0,6032000,6032,87,0,0,0,16384,0,0,0,0.0,0.0,0.0,1.0,0.0,0.0,0.0,6.0,8.0,14.0,1000,1050,1100,1150,1200,1250,1300,1350,1300,1500,1500,1300,1300,1,1,1,1,1,1,1,1,0,0,0,0,stabilized_mix,0.0,0.0,0.0,0.0,0.0,0.0,0.0,0.0,0.0,0.0,0.0,0.0,0.0,0.0,0.0,0.0,0.0,0.0,0.0,0.0,0.0,0.0,0.0,0.0,0.0,0.0,0.0,0.0,0.0,0.0,0.0,0.0,0.0,0.0,0.0,0.0,0.0,0.0,0.0,0.0,0.10000000149011612,2167307962,7,6
827477062,2,292,88,0,6036000,6036,88,0,0,0,16384,0,0,0,0.0,0.0,0.0,1.0,0.0,0.0,0.0,6.0,9.0,15.0,1000,1050,1100,1150,1200,1250,1300,1350,1300,1500,1500,1300,1300,1,1,1,1,1,1,1,1,0,0,0,0,stabilized_mix,0.0,0.0,0.0,0.0,0.0,0.0,0.0,0.0,0.0,0.0,0.0,0.0,0.0,0.0,0.0,0.0,0.0,0.0,0.0,0.0,0.0,0.0,0.0,0.0,0.0,0.0,0.0,0.0,0.0,0.0,0.0,0.0,0.0,0.0,0.0,0.0,0.0,0.0,0.0,0.0,0.10000000149011612,1519763472,7,6
827477062,2,292,89,0,6040000,6040,89,0,0,0,16384,0,0,0,0.0,0.0,0.0,1.0,0.0,0.0,0.0,6.0,10.0,16.0,1000,1050,1100,1150,1200,1250,1300,1350,1300,1500,1500,1300,1300,1,1,1,1,1,1,1,1,0,0,0,0,stabilized_mix,0.0,0.0,0.0,0.0,0.0,0.0,0.0,0.0,0.0,0.0,0.0,0.0,0.0,0.0,0.0,0.0,0.0,0.0,0.0,0.0,0.0,0.0,0.0,0.0,0.0,0.0,0.0,0.0,0.0,0.0,0.0,0.0,0.0,0.0,0.0,0.0,0.0,0.0,0.0,0.0,0.10000000149011612,338743098,7,6
827477062,2,292,90,0,6044000,6044,90,0,0,0,16384,0,0,0,0.0,0.0,0.0,1.0,0.0,0.0,0.0,6.0,11.0,17.0,1000,1050,1100,1150,1200,1250,1300,1350,1300,1500,1500,1300,1300,1,1,1,1,1,1,1,1,0,0,0,0,stabilized_mix,0.0,0.0,0.0,0.0,0.0,0.0,0.0,0.0,0.0,0.0,0.0,0.0,0.0,0.0,0.0,0.0,0.0,0.0,0.0,0.0,0.0,0.0,0.0,0.0,0.0,0.0,0.0,0.0,0.0,0.0,0.0,0.0,0.0,0.0,0.0,0.0,0.0,0.0,0.0,0.0,0.10000000149011612,2388785079,7,6
827477062,2,292,91,0,6048000,6048,91,0,0,0,16384,0,0,0,0.0,0.0,0.0,1.0,0.0,0.0,0.0,6.0,12.0,18.0,1000,1050,1100,1150,1200,1250,1300,1350,1300,1500,1500,1300,1300,1,1,1,1,1,1,1,1,0,0,0,0,stabilized_mix,0.0,0.0,0.0,0.0,0.0,0.0,0.0,0.0,0.0,0.0,0.0,0.0,0.0,0.0,0.0,0.0,0.0,0.0,0.0,0.0,0.0,0.0,0.0,0.0,0.0,0.0,0.0,0.0,0.0,0.0,0.0,0.0,0.0,0.0,0.0,0.0,0.0,0.0,0.0,0.0,0.10000000149011612,1697301774,7,6
827477062,2,292,92,0,7000000,7000,92,0,0,0,16384,0,0,0,0.0,0.0,0.0,1.0,0.0,0.0,0.0,7.0,0.0,7.0,1000,1050,1100,1150,1200,1250,1300,1350,1300,1500,1500,1300,1300,1,1,1,1,1,1,1,1,0,0,0,0,stabilized_mix,0.0,0.0,0.0,0.0,0.0,0.0,0.0,0.0,0.0,0.0,0.0,0.0,0.0,0.0,0.0,0.0,0.0,0.0,0.0,0.0,0.0,0.0,0.0,0.0,0.0,0.0,0.0,0.0,0.0,0.0,0.0,0.0,0.0,0.0,0.0,0.0,0.0,0.0,0.0,0.0,0.10000000149011612,1947730116,8,7
827477062,2,292,93,0,7004000,7004,93,0,0,0,16384,0,0,0,0.0,0.0,0.0,1.0,0.0,0.0,0.0,7.0,1.0,8.0,1000,1050,1100,1150,1200,1250,1300,1350,1300,1500,1500,1300,1300,1,1,1,1,1,1,1,1,0,0,0,0,stabilized_mix,0.0,0.0,0.0,0.0,0.0,0.0,0.0,0.0,0.0,0.0,0.0,0.0,0.0,0.0,0.0,0.0,0.0,0.0,0.0,0.0,0.0,0.0,0.0,0.0,0.0,0.0,0.0,0.0,0.0,0.0,0.0,0.0,0.0,0.0,0.0,0.0,0.0,0.0,0.0,0.0,0.10000000149011612,656793617,8,7
827477062,2,292,94,0,7008000,7008,94,0,0,0,16384,0,0,0,0.0,0.0,0.0,1.0,0.0,0.0,0.0,7.0,2.0,9.0,1000,1050,1100,1150,1200,1250,1300,1350,1300,1500,1500,1300,1300,1,1,1,1,1,1,1,1,0,0,0,0,stabilized_mix,0.0,0.0,0.0,0.0,0.0,0.0,0.0,0.0,0.0,0.0,0.0,0.0,0.0,0.0,0.0,0.0,0.0,0.0,0.0,0.0,0.0,0.0,0.0,0.0,0.0,0.0,0.0,0.0,0.0,0.0,0.0,0.0,0.0,0.0,0.0,0.0,0.0,0.0,0.0,0.0,0.10000000149011612,1413630201,8,7
827477062,2,292,95,0,7012000,7012,95,0,0,0,16384,0,0,0,0.0,0.0,0.0,1.0,0.0,0.0,0.0,7.0,3.0,10.0,1000,1050,1100,1150,1200,1250,1300,1350,1300,1500,1500,1300,1300,1,1,1,1,1,1,1,1,0,0,0,0,stabilized_mix,0.0,0.0,0.0,0.0,0.0,0.0,0.0,0.0,0.0,0.0,0.0,0.0,0.0,0.0,0.0,0.0,0.0,0.0,0.0,0.0,0.0,0.0,0.0,0.0,0.0,0.0,0.0,0.0,0.0,0.0,0.0,0.0,0.0,0.0,0.0,0.0,0.0,0.0,0.0,0.0,0.10000000149011612,1919234684,8,7
827477062,2,292,96,0,7016000,7016,96,0,0,0,16384,0,0,0,0.0,0.0,0.0,1.0,0.0,0.0,0.0,7.0,4.0,11.0,1000,1050,1100,1150,1200,1250,1300,1350,1300,1500,1500,1300,1300,1,1,1,1,1,1,1,1,0,0,0,0,stabilized_mix,0.0,0.0,0.0,0.0,0.0,0.0,0.0,0.0,0.0,0.0,0.0,0.0,0.0,0.0,0.0,0.0,0.0,0.0,0.0,0.0,0.0,0.0,0.0,0.0,0.0,0.0,0.0,0.0,0.0,0.0,0.0,0.0,0.0,0.0,0.0,0.0,0.0,0.0,0.0,0.0,0.10000000149011612,3128598206,8,7
827477062,2,292,97,0,7020000,7020,97,0,0,0,16384,0,0,0,0.0,0.0,0.0,1.0,0.0,0.0,0.0,7.0,5.0,12.0,1000,1050,1100,1150,1200,1250,1300,1350,1300,1500,1500,1300,1300,1,1,1,1,1,1,1,1,0,0,0,0,stabilized_mix,0.0,0.0,0.0,0.0,0.0,0.0,0.0,0.0,0.0,0.0,0.0,0.0,0.0,0.0,0.0,0.0,0.0,0.0,0.0,0.0,0.0,0.0,0.0,0.0,0.0,0.0,0.0,0.0,0.0,0.0,0.0,0.0,0.0,0.0,0.0,0.0,0.0,0.0,0.0,0.0,0.10000000149011612,2498591136,8,7
827477062,2,292,98,0,7024000,7024,98,0,0,0,16384,0,0,0,0.0,0.0,0.0,1.0,0.0,0.0,0.0,7.0,6.0,13.0,1000,1050,1100,1150,1200,1250,1300,1350,1300,1500,1500,1300,1300,1,1,1,1,1,1,1,1,0,0,0,0,stabilized_mix,0.0,0.0,0.0,0.0,0.0,0.0,0.0,0.0,0.0,0.0,0.0,0.0,0.0,0.0,0.0,0.0,0.0,0.0,0.0,0.0,0.0,0.0,0.0,0.0,0.0,0.0,0.0,0.0,0.0,0.0,0.0,0.0,0.0,0.0,0.0,0.0,0.0,0.0,0.0,0.0,0.10000000149011612,465189251,8,7
827477062,2,292,99,0,7028000,7028,99,0,0,0,16384,0,0,0,0.0,0.0,0.0,1.0,0.0,0.0,0.0,7.0,7.0,14.0,1000,1050,1100,1150,1200,1250,1300,1350,1300,1500,1500,1300,1300,1,1,1,1,1,1,1,1,0,0,0,0,stabilized_mix,0.0,0.0,0.0,0.0,0.0,0.0,0.0,0.0,0.0,0.0,0.0,0.0,0.0,0.0,0.0,0.0,0.0,0.0,0.0,0.0,0.0,0.0,0.0,0.0,0.0,0.0,0.0,0.0,0.0,0.0,0.0,0.0,0.0,0.0,0.0,0.0,0.0,0.0,0.0,0.0,0.10000000149011612,1103642788,8,7
827477062,2,292,100,0,7032000,7032,100,0,0,0,16384,0,0,0,0.0,0.0,0.0,1.0,0.0,0.0,0.0,7.0,8.0,15.0,1000,1050,1100,1150,1200,1250,1300,1350,1300,1500,1500,1300,1300,1,1,1,1,1,1,1,1,0,0,0,0,stabilized_mix,0.0,0.0,0.0,0.0,0.0,0.0,0.0,0.0,0.0,0.0,0.0,0.0,0.0,0.0,0.0,0.0,0.0,0.0,0.0,0.0,0.0,0.0,0.0,0.0,0.0,0.0,0.0,0.0,0.0,0.0,0.0,0.0,0.0,0.0,0.0,0.0,0.0,0.0,0.0,0.0,0.10000000149011612,2417602317,8,7
827477062,2,292,101,0,7036000,7036,101,0,0,0,16384,0,0,0,0.0,0.0,0.0,1.0,0.0,0.0,0.0,7.0,9.0,16.0,1000,1050,1100,1150,1200,1250,1300,1350,1300,1500,1500,1300,1300,1,1,1,1,1,1,1,1,0,0,0,0,stabilized_mix,0.0,0.0,0.0,0.0,0.0,0.0,0.0,0.0,0.0,0.0,0.0,0.0,0.0,0.0,0.0,0.0,0.0,0.0,0.0,0.0,0.0,0.0,0.0,0.0,0.0,0.0,0.0,0.0,0.0,0.0,0.0,0.0,0.0,0.0,0.0,0.0,0.0,0.0,0.0,0.0,0.10000000149011612,2201184715,8,7
827477062,2,292,102,0,7040000,7040,102,0,0,0,16384,0,0,0,0.0,0.0,0.0,1.0,0.0,0.0,0.0,7.0,10.0,17.0,1000,1050,1100,1150,1200,1250,1300,1350,1300,1500,1500,1300,1300,1,1,1,1,1,1,1,1,0,0,0,0,stabilized_mix,0.0,0.0,0.0,0.0,0.0,0.0,0.0,0.0,0.0,0.0,0.0,0.0,0.0,0.0,0.0,0.0,0.0,0.0,0.0,0.0,0.0,0.0,0.0,0.0,0.0,0.0,0.0,0.0,0.0,0.0,0.0,0.0,0.0,0.0,0.0,0.0,0.0,0.0,0.0,0.0,0.10000000149011612,1730882930,8,7
827477062,2,292,103,0,7044000,7044,103,0,0,0,16384,0,0,0,0.0,0.0,0.0,1.0,0.0,0.0,0.0,7.0,11.0,18.0,1000,1050,1100,1150,1200,1250,1300,1350,1300,1500,1500,1300,1300,1,1,1,1,1,1,1,1,0,0,0,0,stabilized_mix,0.0,0.0,0.0,0.0,0.0,0.0,0.0,0.0,0.0,0.0,0.0,0.0,0.0,0.0,0.0,0.0,0.0,0.0,0.0,0.0,0.0,0.0,0.0,0.0,0.0,0.0,0.0,0.0,0.0,0.0,0.0,0.0,0.0,0.0,0.0,0.0,0.0,0.0,0.0,0.0,0.10000000149011612,2985892057,8,7
827477062,2,292,104,0,7048000,7048,104,0,0,0,16384,0,0,0,0.0,0.0,0.0,1.0,0.0,0.0,0.0,7.0,12.0,19.0,1000,1050,1100,1150,1200,1250,1300,1350,1300,1500,1500,1300,1300,1,1,1,1,1,1,1,1,0,0,0,0,stabilized_mix,0.0,0.0,0.0,0.0,0.0,0.0,0.0,0.0,0.0,0.0,0.0,0.0,0.0,0.0,0.0,0.0,0.0,0.0,0.0,0.0,0.0,0.0,0.0,0.0,0.0,0.0,0.0,0.0,0.0,0.0,0.0,0.0,0.0,0.0,0.0,0.0,0.0,0.0,0.0,0.0,0.10000000149011612,457552277,8,7
827477062,2,292,105,0,8000000,8000,105,0,0,0,16384,0,0,0,0.0,0.0,0.0,1.0,0.0,0.0,0.0,8.0,0.0,8.0,1000,1050,1100,1150,1200,1250,1300,1350,1300,1500,1500,1300,1300,1,1,1,1,1,1,1,1,0,0,0,0,stabilized_mix,0.0,0.0,0.0,0.0,0.0,0.0,0.0,0.0,0.0,0.0,0.0,0.0,0.0,0.0,0.0,0.0,0.0,0.0,0.0,0.0,0.0,0.0,0.0,0.0,0.0,0.0,0.0,0.0,0.0,0.0,0.0,0.0,0.0,0.0,0.0,0.0,0.0,0.0,0.0,0.0,0.10000000149011612,3618216695,9,8
827477062,2,292,106,0,8004000,8004,106,0,0,0,16384,0,0,0,0.0,0.0,0.0,1.0,0.0,0.0,0.0,8.0,1.0,9.0,1000,1050,1100,1150,1200,1250,1300,1350,1300,1500,1500,1300,1300,1,1,1,1,1,1,1,1,0,0,0,0,stabilized_mix,0.0,0.0,0.0,0.0,0.0,0.0,0.0,0.0,0.0,0.0,0.0,0.0,0.0,0.0,0.0,0.0,0.0,0.0,0.0,0.0,0.0,0.0,0.0,0.0,0.0,0.0,0.0,0.0,0.0,0.0,0.0,0.0,0.0,0.0,0.0,0.0,0.0,0.0,0.0,0.0,0.10000000149011612,1767003655,9,8
827477062,2,292,107,0,8008000,8008,107,0,0,0,16384,0,0,0,0.0,0.0,0.0,1.0,0.0,0.0,0.0,8.0,2.0,10.0,1000,1050,1100,1150,1200,1250,1300,1350,1300,1500,1500,1300,1300,1,1,1,1,1,1,1,1,0,0,0,0,stabilized_mix,0.0,0.0,0.0,0.0,0.0,0.0,0.0,0.0,0.0,0.0,0.0,0.0,0.0,0.0,0.0,0.0,0.0,0.0,0.0,0.0,0.0,0.0,0.0,0.0,0.0,0.0,0.0,0.0,0.0,0.0,0.0,0.0,0.0,0.0,0.0,0.0,0.0,0.0,0.0,0.0,0.10000000149011612,4100612904,9,8
827477062,2,292,108,0,8012000,8012,108,0,0,0,16384,0,0,0,0.0,0.0,0.0,1.0,0.0,0.0,0.0,8.0,3.0,11.0,1000,1050,1100,1150,1200,1250,1300,1350,1300,1500,1500,1300,1300,1,1,1,1,1,1,1,1,0,0,0,0,stabilized_mix,0.0,0.0,0.0,0.0,0.0,0.0,0.0,0.0,0.0,0.0,0.0,0.0,0.0,0.0,0.0,0.0,0.0,0.0,0.0,0.0,0.0,0.0,0.0,0.0,0.0,0.0,0.0,0.0,0.0,0.0,0.0,0.0,0.0,0.0,0.0,0.0,0.0,0.0,0.0,0.0,0.10000000149011612,1660520911,9,8
827477062,2,292,109,0,8016000,8016,109,0,0,0,16384,0,0,0,0.0,0.0,0.0,1.0,0.0,0.0,0.0,8.0,4.0,12.0,1000,1050,1100,1150,1200,1250,1300,1350,1300,1500,1500,1300,1300,1,1,1,1,1,1,1,1,0,0,0,0,stabilized_mix,0.0,0.0,0.0,0.0,0.0,0.0,0.0,0.0,0.0,0.0,0.0,0.0,0.0,0.0,0.0,0.0,0.0,0.0,0.0,0.0,0.0,0.0,0.0,0.0,0.0,0.0,0.0,0.0,0.0,0.0,0.0,0.0,0.0,0.0,0.0,0.0,0.0,0.0,0.0,0.0,0.10000000149011612,1036437153,9,8
827477062,2,292,110,0,8020000,8020,110,0,0,0,16384,0,0,0,0.0,0.0,0.0,1.0,0.0,0.0,0.0,8.0,5.0,13.0,1000,1050,1100,1150,1200,1250,1300,1350,1300,1500,1500,1300,1300,1,1,1,1,1,1,1,1,0,0,0,0,stabilized_mix,0.0,0.0,0.0,0.0,0.0,0.0,0.0,0.0,0.0,0.0,0.0,0.0,0.0,0.0,0.0,0.0,0.0,0.0,0.0,0.0,0.0,0.0,0.0,0.0,0.0,0.0,0.0,0.0,0.0,0.0,0.0,0.0,0.0,0.0,0.0,0.0,0.0,0.0,0.0,0.0,0.10000000149011612,1204169236,9,8
827477062,2,292,111,0,8024000,8024,111,0,0,0,16384,0,0,0,0.0,0.0,0.0,1.0,0.0,0.0,0.0,8.0,6.0,14.0,1000,1050,1100,1150,1200,1250,1300,1350,1300,1500,1500,1300,1300,1,1,1,1,1,1,1,1,0,0,0,0,stabilized_mix,0.0,0.0,0.0,0.0,0.0,0.0,0.0,0.0,0.0,0.0,0.0,0.0,0.0,0.0,0.0,0.0,0.0,0.0,0.0,0.0,0.0,0.0,0.0,0.0,0.0,0.0,0.0,0.0,0.0,0.0,0.0,0.0,0.0,0.0,0.0,0.0,0.0,0.0,0.0,0.0,0.10000000149011612,3986680079,9,8
827477062,2,292,112,0,8028000,8028,112,0,0,0,16384,0,0,0,0.0,0.0,0.0,1.0,0.0,0.0,0.0,8.0,7.0,15.0,1000,1050,1100,1150,1200,1250,1300,1350,1300,1500,1500,1300,1300,1,1,1,1,1,1,1,1,0,0,0,0,stabilized_mix,0.0,0.0,0.0,0.0,0.0,0.0,0.0,0.0,0.0,0.0,0.0,0.0,0.0,0.0,0.0,0.0,0.0,0.0,0.0,0.0,0.0,0.0,0.0,0.0,0.0,0.0,0.0,0.0,0.0,0.0,0.0,0.0,0.0,0.0,0.0,0.0,0.0,0.0,0.0,0.0,0.10000000149011612,1092551271,9,8
827477062,2,292,113,0,8032000,8032,113,0,0,0,16384,0,0,0,0.0,0.0,0.0,1.0,0.0,0.0,0.0,8.0,8.0,16.0,1000,1050,1100,1150,1200,1250,1300,1350,1300,1500,1500,1300,1300,1,1,1,1,1,1,1,1,0,0,0,0,stabilized_mix,0.0,0.0,0.0,0.0,0.0,0.0,0.0,0.0,0.0,0.0,0.0,0.0,0.0,0.0,0.0,0.0,0.0,0.0,0.0,0.0,0.0,0.0,0.0,0.0,0.0,0.0,0.0,0.0,0.0,0.0,0.0,0.0,0.0,0.0,0.0,0.0,0.0,0.0,0.0,0.0,0.10000000149011612,254935053,9,8
827477062,2,292,114,0,8036000,8036,114,0,0,0,16384,0,0,0,0.0,0.0,0.0,1.0,0.0,0.0,0.0,8.0,9.0,17.0,1000,1050,1100,1150,1200,1250,1300,1350,1300,1500,1500,1300,1300,1,1,1,1,1,1,1,1,0,0,0,0,stabilized_mix,0.0,0.0,0.0,0.0,0.0,0.0,0.0,0.0,0.0,0.0,0.0,0.0,0.0,0.0,0.0,0.0,0.0,0.0,0.0,0.0,0.0,0.0,0.0,0.0,0.0,0.0,0.0,0.0,0.0,0.0,0.0,0.0,0.0,0.0,0.0,0.0,0.0,0.0,0.0,0.0,0.10000000149011612,4141787355,9,8
827477062,2,292,115,0,8040000,8040,115,0,0,0,16384,0,0,0,0.0,0.0,0.0,1.0,0.0,0.0,0.0,8.0,10.0,18.0,1000,1050,1100,1150,1200,1250,1300,1350,1300,1500,1500,1300,1300,1,1,1,1,1,1,1,1,0,0,0,0,stabilized_mix,0.0,0.0,0.0,0.0,0.0,0.0,0.0,0.0,0.0,0.0,0.0,0.0,0.0,0.0,0.0,0.0,0.0,0.0,0.0,0.0,0.0,0.0,0.0,0.0,0.0,0.0,0.0,0.0,0.0,0.0,0.0,0.0,0.0,0.0,0.0,0.0,0.0,0.0,0.0,0.0,0.10000000149011612,671355825,9,8
827477062,2,292,116,0,8044000,8044,116,0,0,0,16384,0,0,0,0.0,0.0,0.0,1.0,0.0,0.0,0.0,8.0,11.0,19.0,1000,1050,1100,1150,1200,1250,1300,1350,1300,1500,1500,1300,1300,1,1,1,1,1,1,1,1,0,0,0,0,stabilized_mix,0.0,0.0,0.0,0.0,0.0,0.0,0.0,0.0,0.0,0.0,0.0,0.0,0.0,0.0,0.0,0.0,0.0,0.0,0.0,0.0,0.0,0.0,0.0,0.0,0.0,0.0,0.0,0.0,0.0,0.0,0.0,0.0,0.0,0.0,0.0,0.0,0.0,0.0,0.0,0.0,0.10000000149011612,3732340534,9,8
827477062,2,292,117,0,8048000,8048,117,0,0,0,16384,0,0,0,0.0,0.0,0.0,1.0,0.0,0.0,0.0,8.0,12.0,20.0,1000,1050,1100,1150,1200,1250,1300,1350,1300,1500,1500,1300,1300,1,1,1,1,1,1,1,1,0,0,0,0,stabilized_mix,0.0,0.0,0.0,0.0,0.0,0.0,0.0,0.0,0.0,0.0,0.0,0.0,0.0,0.0,0.0,0.0,0.0,0.0,0.0,0.0,0.0,0.0,0.0,0.0,0.0,0.0,0.0,0.0,0.0,0.0,0.0,0.0,0.0,0.0,0.0,0.0,0.0,0.0,0.0,0.0,0.10000000149011612,1096689525,9,8
827477062,2,292,118,0,9000000,9000,118,0,0,0,16384,0,0,0,0.0,0.0,0.0,1.0,0.0,0.0,0.0,9.0,0.0,9.0,1000,1050,1100,1150,1200,1250,1300,1350,1300,1500,1500,1300,1300,1,1,1,1,1,1,1,1,0,0,0,0,stabilized_mix,0.0,0.0,0.0,0.0,0.0,0.0,0.0,0.0,0.0,0.0,0.0,0.0,0.0,0.0,0.0,0.0,0.0,0.0,0.0,0.0,0.0,0.0,0.0,0.0,0.0,0.0,0.0,0.0,0.0,0.0,0.0,0.0,0.0,0.0,0.0,0.0,0.0,0.0,0.0,0.0,0.10000000149011612,2237249622,10,9
827477062,2,292,119,0,9004000,9004,119,0,0,0,16384,0,0,0,0.0,0.0,0.0,1.0,0.0,0.0,0.0,9.0,1.0,10.0,1000,1050,1100,1150,1200,1250,1300,1350,1300,1500,1500,1300,1300,1,1,1,1,1,1,1,1,0,0,0,0,stabilized_mix,0.0,0.0,0.0,0.0,0.0,0.0,0.0,0.0,0.0,0.0,0.0,0.0,0.0,0.0,0.0,0.0,0.0,0.0,0.0,0.0,0.0,0.0,0.0,0.0,0.0,0.0,0.0,0.0,0.0,0.0,0.0,0.0,0.0,0.0,0.0,0.0,0.0,0.0,0.0,0.0,0.10000000149011612,2415826354,10,9
827477062,2,292,120,0,9008000,9008,120,0,0,0,16384,0,0,0,0.0,0.0,0.0,1.0,0.0,0.0,0.0,9.0,2.0,11.0,1000,1050,1100,1150,1200,1250,1300,1350,1300,1500,1500,1300,1300,1,1,1,1,1,1,1,1,0,0,0,0,stabilized_mix,0.0,0.0,0.0,0.0,0.0,0.0,0.0,0.0,0.0,0.0,0.0,0.0,0.0,0.0,0.0,0.0,0.0,0.0,0.0,0.0,0.0,0.0,0.0,0.0,0.0,0.0,0.0,0.0,0.0,0.0,0.0,0.0,0.0,0.0,0.0,0.0,0.0,0.0,0.0,0.0,0.10000000149011612,2736576521,10,9
827477062,2,292,121,0,9012000,9012,121,0,0,0,16384,0,0,0,0.0,0.0,0.0,1.0,0.0,0.0,0.0,9.0,3.0,12.0,1000,1050,1100,1150,1200,1250,1300,1350,1300,1500,1500,1300,1300,1,1,1,1,1,1,1,1,0,0,0,0,stabilized_mix,0.0,0.0,0.0,0.0,0.0,0.0,0.0,0.0,0.0,0.0,0.0,0.0,0.0,0.0,0.0,0.0,0.0,0.0,0.0,0.0,0.0,0.0,0.0,0.0,0.0,0.0,0.0,0.0,0.0,0.0,0.0,0.0,0.0,0.0,0.0,0.0,0.0,0.0,0.0,0.0,0.10000000149011612,527010961,10,9
827477062,2,292,122,0,9016000,9016,122,0,0,0,16384,0,0,0,0.0,0.0,0.0,1.0,0.0,0.0,0.0,9.0,4.0,13.0,1000,1050,1100,1150,1200,1250,1300,1350,1300,1500,1500,1300,1300,1,1,1,1,1,1,1,1,0,0,0,0,stabilized_mix,0.0,0.0,0.0,0.0,0.0,0.0,0.0,0.0,0.0,0.0,0.0,0.0,0.0,0.0,0.0,0.0,0.0,0.0,0.0,0.0,0.0,0.0,0.0,0.0,0.0,0.0,0.0,0.0,0.0,0.0,0.0,0.0,0.0,0.0,0.0,0.0,0.0,0.0,0.0,0.0,0.10000000149011612,3226250892,10,9
827477062,2,292,123,0,9020000,9020,123,0,0,0,16384,0,0,0,0.0,0.0,0.0,1.0,0.0,0.0,0.0,9.0,5.0,14.0,1000,1050,1100,1150,1200,1250,1300,1350,1300,1500,1500,1300,1300,1,1,1,1,1,1,1,1,0,0,0,0,stabilized_mix,0.0,0.0,0.0,0.0,0.0,0.0,0.0,0.0,0.0,0.0,0.0,0.0,0.0,0.0,0.0,0.0,0.0,0.0,0.0,0.0,0.0,0.0,0.0,0.0,0.0,0.0,0.0,0.0,0.0,0.0,0.0,0.0,0.0,0.0,0.0,0.0,0.0,0.0,0.0,0.0,0.10000000149011612,1536680960,10,9
827477062,2,292,124,0,9024000,9024,124,0,0,0,16384,0,0,0,0.0,0.0,0.0,1.0,0.0,0.0,0.0,9.0,6.0,15.0,1000,1050,1100,1150,1200,1250,1300,1350,1300,1500,1500,1300,1300,1,1,1,1,1,1,1,1,0,0,0,0,stabilized_mix,0.0,0.0,0.0,0.0,0.0,0.0,0.0,0.0,0.0,0.0,0.0,0.0,0.0,0.0,0.0,0.0,0.0,0.0,0.0,0.0,0.0,0.0,0.0,0.0,0.0,0.0,0.0,0.0,0.0,0.0,0.0,0.0,0.0,0.0,0.0,0.0,0.0,0.0,0.0,0.0,0.10000000149011612,4179260895,10,9
827477062,2,292,125,0,9028000,9028,125,0,0,0,16384,0,0,0,0.0,0.0,0.0,1.0,0.0,0.0,0.0,9.0,7.0,16.0,1000,1050,1100,1150,1200,1250,1300,1350,1300,1500,1500,1300,1300,1,1,1,1,1,1,1,1,0,0,0,0,stabilized_mix,0.0,0.0,0.0,0.0,0.0,0.0,0.0,0.0,0.0,0.0,0.0,0.0,0.0,0.0,0.0,0.0,0.0,0.0,0.0,0.0,0.0,0.0,0.0,0.0,0.0,0.0,0.0,0.0,0.0,0.0,0.0,0.0,0.0,0.0,0.0,0.0,0.0,0.0,0.0,0.0,0.10000000149011612,892378004,10,9
827477062,2,292,126,0,9032000,9032,126,0,0,0,16384,0,0,0,0.0,0.0,0.0,1.0,0.0,0.0,0.0,9.0,8.0,17.0,1000,1050,1100,1150,1200,1250,1300,1350,1300,1500,1500,1300,1300,1,1,1,1,1,1,1,1,0,0,0,0,stabilized_mix,0.0,0.0,0.0,0.0,0.0,0.0,0.0,0.0,0.0,0.0,0.0,0.0,0.0,0.0,0.0,0.0,0.0,0.0,0.0,0.0,0.0,0.0,0.0,0.0,0.0,0.0,0.0,0.0,0.0,0.0,0.0,0.0,0.0,0.0,0.0,0.0,0.0,0.0,0.0,0.0,0.10000000149011612,361234290,10,9
827477062,2,292,127,0,9036000,9036,127,0,0,0,16384,0,0,0,0.0,0.0,0.0,1.0,0.0,0.0,0.0,9.0,9.0,18.0,1000,1050,1100,1150,1200,1250,1300,1350,1300,1500,1500,1300,1300,1,1,1,1,1,1,1,1,0,0,0,0,stabilized_mix,0.0,0.0,0.0,0.0,0.0,0.0,0.0,0.0,0.0,0.0,0.0,0.0,0.0,0.0,0.0,0.0,0.0,0.0,0.0,0.0,0.0,0.0,0.0,0.0,0.0,0.0,0.0,0.0,0.0,0.0,0.0,0.0,0.0,0.0,0.0,0.0,0.0,0.0,0.0,0.0,0.10000000149011612,2415959785,10,9
827477062,2,292,128,0,9040000,9040,128,0,0,0,16384,0,0,0,0.0,0.0,0.0,1.0,0.0,0.0,0.0,9.0,10.0,19.0,1000,1050,1100,1150,1200,1250,1300,1350,1300,1500,1500,1300,1300,1,1,1,1,1,1,1,1,0,0,0,0,stabilized_mix,0.0,0.0,0.0,0.0,0.0,0.0,0.0,0.0,0.0,0.0,0.0,0.0,0.0,0.0,0.0,0.0,0.0,0.0,0.0,0.0,0.0,0.0,0.0,0.0,0.0,0.0,0.0,0.0,0.0,0.0,0.0,0.0,0.0,0.0,0.0,0.0,0.0,0.0,0.0,0.0,0.10000000149011612,1317932749,10,9
827477062,2,292,129,0,9044000,9044,129,0,0,0,16384,0,0,0,0.0,0.0,0.0,1.0,0.0,0.0,0.0,9.0,11.0,20.0,1000,1050,1100,1150,1200,1250,1300,1350,1300,1500,1500,1300,1300,1,1,1,1,1,1,1,1,0,0,0,0,stabilized_mix,0.0,0.0,0.0,0.0,0.0,0.0,0.0,0.0,0.0,0.0,0.0,0.0,0.0,0.0,0.0,0.0,0.0,0.0,0.0,0.0,0.0,0.0,0.0,0.0,0.0,0.0,0.0,0.0,0.0,0.0,0.0,0.0,0.0,0.0,0.0,0.0,0.0,0.0,0.0,0.0,0.10000000149011612,1068780344,10,9
827477062,2,292,130,0,9048000,9048,130,0,0,0,16384,0,0,0,0.0,0.0,0.0,1.0,0.0,0.0,0.0,9.0,12.0,21.0,1000,1050,1100,1150,1200,1250,1300,1350,1300,1500,1500,1300,1300,1,1,1,1,1,1,1,1,0,0,0,0,stabilized_mix,0.0,0.0,0.0,0.0,0.0,0.0,0.0,0.0,0.0,0.0,0.0,0.0,0.0,0.0,0.0,0.0,0.0,0.0,0.0,0.0,0.0,0.0,0.0,0.0,0.0,0.0,0.0,0.0,0.0,0.0,0.0,0.0,0.0,0.0,0.0,0.0,0.0,0.0,0.0,0.0,0.10000000149011612,3921263329,10,9
827477062,2,292,131,0,10000000,10000,131,0,0,0,16384,0,0,0,0.0,0.0,0.0,1.0,0.0,0.0,0.0,10.0,0.0,10.0,1000,1050,1100,1150,1200,1250,1300,1350,1300,1500,1500,1300,1300,1,1,1,1,1,1,1,1,0,0,0,0,stabilized_mix,0.0,0.0,0.0,0.0,0.0,0.0,0.0,0.0,0.0,0.0,0.0,0.0,0.0,0.0,0.0,0.0,0.0,0.0,0.0,0.0,0.0,0.0,0.0,0.0,0.0,0.0,0.0,0.0,0.0,0.0,0.0,0.0,0.0,0.0,0.0,0.0,0.0,0.0,0.0,0.0,0.10000000149011612,4099292987,11,10
827477062,2,292,132,0,10004000,10004,132,0,0,0,16384,0,0,0,0.0,0.0,0.0,1.0,0.0,0.0,0.0,10.0,1.0,11.0,1000,1050,1100,1150,1200,1250,1300,1350,1300,1500,1500,1300,1300,1,1,1,1,1,1,1,1,0,0,0,0,stabilized_mix,0.0,0.0,0.0,0.0,0.0,0.0,0.0,0.0,0.0,0.0,0.0,0.0,0.0,0.0,0.0,0.0,0.0,0.0,0.0,0.0,0.0,0.0,0.0,0.0,0.0,0.0,0.0,0.0,0.0,0.0,0.0,0.0,0.0,0.0,0.0,0.0,0.0,0.0,0.0,0.0,0.10000000149011612,646850497,11,10
827477062,2,292,133,0,10008000,10008,133,0,0,0,16384,0,0,0,0.0,0.0,0.0,1.0,0.0,0.0,0.0,10.0,2.0,12.0,1000,1050,1100,1150,1200,1250,1300,1350,1300,1500,1500,1300,1300,1,1,1,1,1,1,1,1,0,0,0,0,stabilized_mix,0.0,0.0,0.0,0.0,0.0,0.0,0.0,0.0,0.0,0.0,0.0,0.0,0.0,0.0,0.0,0.0,0.0,0.0,0.0,0.0,0.0,0.0,0.0,0.0,0.0,0.0,0.0,0.0,0.0,0.0,0.0,0.0,0.0,0.0,0.0,0.0,0.0,0.0,0.0,0.0,0.10000000149011612,3478359255,11,10
827477062,2,292,134,0,10012000,10012,134,0,0,0,16384,0,0,0,0.0,0.0,0.0,1.0,0.0,0.0,0.0,10.0,3.0,13.0,1000,1050,1100,1150,1200,1250,1300,1350,1300,1500,1500,1300,1300,1,1,1,1,1,1,1,1,0,0,0,0,stabilized_mix,0.0,0.0,0.0,0.0,0.0,0.0,0.0,0.0,0.0,0.0,0.0,0.0,0.0,0.0,0.0,0.0,0.0,0.0,0.0,0.0,0.0,0.0,0.0,0.0,0.0,0.0,0.0,0.0,0.0,0.0,0.0,0.0,0.0,0.0,0.0,0.0,0.0,0.0,0.0,0.0,0.10000000149011612,4070085260,11,10
827477062,2,292,135,0,10016000,10016,135,0,0,0,16384,0,0,0,0.0,0.0,0.0,1.0,0.0,0.0,0.0,10.0,4.0,14.0,1000,1050,1100,1150,1200,1250,1300,1350,1300,1500,1500,1300,1300,1,1,1,1,1,1,1,1,0,0,0,0,stabilized_mix,0.0,0.0,0.0,0.0,0.0,0.0,0.0,0.0,0.0,0.0,0.0,0.0,0.0,0.0,0.0,0.0,0.0,0.0,0.0,0.0,0.0,0.0,0.0,0.0,0.0,0.0,0.0,0.0,0.0,0.0,0.0,0.0,0.0,0.0,0.0,0.0,0.0,0.0,0.0,0.0,0.10000000149011612,1643548326,11,10
827477062,2,292,136,0,10020000,10020,136,0,0,0,16384,0,0,0,0.0,0.0,0.0,1.0,0.0,0.0,0.0,10.0,5.0,15.0,1000,1050,1100,1150,1200,1250,1300,1350,1300,1500,1500,1300,1300,1,1,1,1,1,1,1,1,0,0,0,0,stabilized_mix,0.0,0.0,0.0,0.0,0.0,0.0,0.0,0.0,0.0,0.0,0.0,0.0,0.0,0.0,0.0,0.0,0.0,0.0,0.0,0.0,0.0,0.0,0.0,0.0,0.0,0.0,0.0,0.0,0.0,0.0,0.0,0.0,0.0,0.0,0.0,0.0,0.0,0.0,0.0,0.0,0.10000000149011612,4195703072,11,10
827477062,2,292,137,0,10024000,10024,137,0,0,0,16384,0,0,0,0.0,0.0,0.0,1.0,0.0,0.0,0.0,10.0,6.0,16.0,1000,1050,1100,1150,1200,1250,1300,1350,1300,1500,1500,1300,1300,1,1,1,1,1,1,1,1,0,0,0,0,stabilized_mix,0.0,0.0,0.0,0.0,0.0,0.0,0.0,0.0,0.0,0.0,0.0,0.0,0.0,0.0,0.0,0.0,0.0,0.0,0.0,0.0,0.0,0.0,0.0,0.0,0.0,0.0,0.0,0.0,0.0,0.0,0.0,0.0,0.0,0.0,0.0,0.0,0.0,0.0,0.0,0.0,0.10000000149011612,746294377,11,10
827477062,2,292,138,0,10028000,10028,138,0,0,0,16384,0,0,0,0.0,0.0,0.0,1.0,0.0,0.0,0.0,10.0,7.0,17.0,1000,1050,1100,1150,1200,1250,1300,1350,1300,1500,1500,1300,1300,1,1,1,1,1,1,1,1,0,0,0,0,stabilized_mix,0.0,0.0,0.0,0.0,0.0,0.0,0.0,0.0,0.0,0.0,0.0,0.0,0.0,0.0,0.0,0.0,0.0,0.0,0.0,0.0,0.0,0.0,0.0,0.0,0.0,0.0,0.0,0.0,0.0,0.0,0.0,0.0,0.0,0.0,0.0,0.0,0.0,0.0,0.0,0.0,0.10000000149011612,924294007,11,10
827477062,2,292,139,0,10032000,10032,139,0,0,0,16384,0,0,0,0.0,0.0,0.0,1.0,0.0,0.0,0.0,10.0,8.0,18.0,1000,1050,1100,1150,1200,1250,1300,1350,1300,1500,1500,1300,1300,1,1,1,1,1,1,1,1,0,0,0,0,stabilized_mix,0.0,0.0,0.0,0.0,0.0,0.0,0.0,0.0,0.0,0.0,0.0,0.0,0.0,0.0,0.0,0.0,0.0,0.0,0.0,0.0,0.0,0.0,0.0,0.0,0.0,0.0,0.0,0.0,0.0,0.0,0.0,0.0,0.0,0.0,0.0,0.0,0.0,0.0,0.0,0.0,0.10000000149011612,2017292466,11,10
827477062,2,292,140,0,10036000,10036,140,0,0,0,16384,0,0,0,0.0,0.0,0.0,1.0,0.0,0.0,0.0,10.0,9.0,19.0,1000,1050,1100,1150,1200,1250,1300,1350,1300,1500,1500,1300,1300,1,1,1,1,1,1,1,1,0,0,0,0,stabilized_mix,0.0,0.0,0.0,0.0,0.0,0.0,0.0,0.0,0.0,0.0,0.0,0.0,0.0,0.0,0.0,0.0,0.0,0.0,0.0,0.0,0.0,0.0,0.0,0.0,0.0,0.0,0.0,0.0,0.0,0.0,0.0,0.0,0.0,0.0,0.0,0.0,0.0,0.0,0.0,0.0,0.10000000149011612,3944750963,11,10
827477062,2,292,141,0,10040000,10040,141,0,0,0,16384,0,0,0,0.0,0.0,0.0,1.0,0.0,0.0,0.0,10.0,10.0,20.0,1000,1050,1100,1150,1200,1250,1300,1350,1300,1500,1500,1300,1300,1,1,1,1,1,1,1,1,0,0,0,0,stabilized_mix,0.0,0.0,0.0,0.0,0.0,0.0,0.0,0.0,0.0,0.0,0.0,0.0,0.0,0.0,0.0,0.0,0.0,0.0,0.0,0.0,0.0,0.0,0.0,0.0,0.0,0.0,0.0,0.0,0.0,0.0,0.0,0.0,0.0,0.0,0.0,0.0,0.0,0.0,0.0,0.0,0.10000000149011612,4294938755,11,10
827477062,2,292,142,0,10044000,10044,142,0,0,0,16384,0,0,0,0.0,0.0,0.0,1.0,0.0,0.0,0.0,10.0,11.0,21.0,1000,1050,1100,1150,1200,1250,1300,1350,1300,1500,1500,1300,1300,1,1,1,1,1,1,1,1,0,0,0,0,stabilized_mix,0.0,0.0,0.0,0.0,0.0,0.0,0.0,0.0,0.0,0.0,0.0,0.0,0.0,0.0,0.0,0.0,0.0,0.0,0.0,0.0,0.0,0.0,0.0,0.0,0.0,0.0,0.0,0.0,0.0,0.0,0.0,0.0,0.0,0.0,0.0,0.0,0.0,0.0,0.0,0.0,0.10000000149011612,4230281906,11,10
827477062,2,292,143,0,10048000,10048,143,0,0,0,16384,0,0,0,0.0,0.0,0.0,1.0,0.0,0.0,0.0,10.0,12.0,22.0,1000,1050,1100,1150,1200,1250,1300,1350,1300,1500,1500,1300,1300,1,1,1,1,1,1,1,1,0,0,0,0,stabilized_mix,0.0,0.0,0.0,0.0,0.0,0.0,0.0,0.0,0.0,0.0,0.0,0.0,0.0,0.0,0.0,0.0,0.0,0.0,0.0,0.0,0.0,0.0,0.0,0.0,0.0,0.0,0.0,0.0,0.0,0.0,0.0,0.0,0.0,0.0,0.0,0.0,0.0,0.0,0.0,0.0,0.10000000149011612,3053543831,11,10
827477062,2,292,144,0,11000000,11000,144,0,0,0,16384,0,0,0,0.0,0.0,0.0,1.0,0.0,0.0,0.0,11.0,0.0,11.0,1000,1050,1100,1150,1200,1250,1300,1350,1300,1500,1500,1300,1300,1,1,1,1,1,1,1,1,0,0,0,0,stabilized_mix,0.0,0.0,0.0,0.0,0.0,0.0,0.0,0.0,0.0,0.0,0.0,0.0,0.0,0.0,0.0,0.0,0.0,0.0,0.0,0.0,0.0,0.0,0.0,0.0,0.0,0.0,0.0,0.0,0.0,0.0,0.0,0.0,0.0,0.0,0.0,0.0,0.0,0.0,0.0,0.0,0.10000000149011612,1638081006,12,11
827477062,2,292,145,0,11004000,11004,145,0,0,0,16384,0,0,0,0.0,0.0,0.0,1.0,0.0,0.0,0.0,11.0,1.0,12.0,1000,1050,1100,1150,1200,1250,1300,1350,1300,1500,1500,1300,1300,1,1,1,1,1,1,1,1,0,0,0,0,stabilized_mix,0.0,0.0,0.0,0.0,0.0,0.0,0.0,0.0,0.0,0.0,0.0,0.0,0.0,0.0,0.0,0.0,0.0,0.0,0.0,0.0,0.0,0.0,0.0,0.0,0.0,0.0,0.0,0.0,0.0,0.0,0.0,0.0,0.0,0.0,0.0,0.0,0.0,0.0,0.0,0.0,0.10000000149011612,1248253214,12,11
827477062,2,292,146,0,11008000,11008,146,0,0,0,16384,0,0,0,0.0,0.0,0.0,1.0,0.0,0.0,0.0,11.0,2.0,13.0,1000,1050,1100,1150,1200,1250,1300,1350,1300,1500,1500,1300,1300,1,1,1,1,1,1,1,1,0,0,0,0,stabilized_mix,0.0,0.0,0.0,0.0,0.0,0.0,0.0,0.0,0.0,0.0,0.0,0.0,0.0,0.0,0.0,0.0,0.0,0.0,0.0,0.0,0.0,0.0,0.0,0.0,0.0,0.0,0.0,0.0,0.0,0.0,0.0,0.0,0.0,0.0,0.0,0.0,0.0,0.0,0.0,0.0,0.10000000149011612,1377218493,12,11
827477062,2,292,147,0,11012000,11012,147,0,0,0,16384,0,0,0,0.0,0.0,0.0,1.0,0.0,0.0,0.0,11.0,3.0,14.0,1000,1050,1100,1150,1200,1250,1300,1350,1300,1500,1500,1300,1300,1,1,1,1,1,1,1,1,0,0,0,0,stabilized_mix,0.0,0.0,0.0,0.0,0.0,0.0,0.0,0.0,0.0,0.0,0.0,0.0,0.0,0.0,0.0,0.0,0.0,0.0,0.0,0.0,0.0,0.0,0.0,0.0,0.0,0.0,0.0,0.0,0.0,0.0,0.0,0.0,0.0,0.0,0.0,0.0,0.0,0.0,0.0,0.0,0.10000000149011612,782839189,12,11
827477062,2,292,148,0,11016000,11016,148,0,0,0,16384,0,0,0,0.0,0.0,0.0,1.0,0.0,0.0,0.0,11.0,4.0,15.0,1000,1050,1100,1150,1200,1250,1300,1350,1300,1500,1500,1300,1300,1,1,1,1,1,1,1,1,0,0,0,0,stabilized_mix,0.0,0.0,0.0,0.0,0.0,0.0,0.0,0.0,0.0,0.0,0.0,0.0,0.0,0.0,0.0,0.0,0.0,0.0,0.0,0.0,0.0,0.0,0.0,0.0,0.0,0.0,0.0,0.0,0.0,0.0,0.0,0.0,0.0,0.0,0.0,0.0,0.0,0.0,0.0,0.0,0.10000000149011612,1523907380,12,11
827477062,2,292,149,0,11020000,11020,149,0,0,0,16384,0,0,0,0.0,0.0,0.0,1.0,0.0,0.0,0.0,11.0,5.0,16.0,1000,1050,1100,1150,1200,1250,1300,1350,1300,1500,1500,1300,1300,1,1,1,1,1,1,1,1,0,0,0,0,stabilized_mix,0.0,0.0,0.0,0.0,0.0,0.0,0.0,0.0,0.0,0.0,0.0,0.0,0.0,0.0,0.0,0.0,0.0,0.0,0.0,0.0,0.0,0.0,0.0,0.0,0.0,0.0,0.0,0.0,0.0,0.0,0.0,0.0,0.0,0.0,0.0,0.0,0.0,0.0,0.0,0.0,0.10000000149011612,161895646,12,11
827477062,2,292,150,0,11024000,11024,150,0,0,0,16384,0,0,0,0.0,0.0,0.0,1.0,0.0,0.0,0.0,11.0,6.0,17.0,1000,1050,1100,1150,1200,1250,1300,1350,1300,1500,1500,1300,1300,1,1,1,1,1,1,1,1,0,0,0,0,stabilized_mix,0.0,0.0,0.0,0.0,0.0,0.0,0.0,0.0,0.0,0.0,0.0,0.0,0.0,0.0,0.0,0.0,0.0,0.0,0.0,0.0,0.0,0.0,0.0,0.0,0.0,0.0,0.0,0.0,0.0,0.0,0.0,0.0,0.0,0.0,0.0,0.0,0.0,0.0,0.0,0.0,0.10000000149011612,2230061593,12,11
827477062,2,292,151,0,11028000,11028,151,0,0,0,16384,0,0,0,0.0,0.0,0.0,1.0,0.0,0.0,0.0,11.0,7.0,18.0,1000,1050,1100,1150,1200,1250,1300,1350,1300,1500,1500,1300,1300,1,1,1,1,1,1,1,1,0,0,0,0,stabilized_mix,0.0,0.0,0.0,0.0,0.0,0.0,0.0,0.0,0.0,0.0,0.0,0.0,0.0,0.0,0.0,0.0,0.0,0.0,0.0,0.0,0.0,0.0,0.0,0.0,0.0,0.0,0.0,0.0,0.0,0.0,0.0,0.0,0.0,0.0,0.0,0.0,0.0,0.0,0.0,0.0,0.10000000149011612,3636023314,12,11
827477062,2,292,152,0,11032000,11032,152,0,0,0,16384,0,0,0,0.0,0.0,0.0,1.0,0.0,0.0,0.0,11.0,8.0,19.0,1000,1050,1100,1150,1200,1250,1300,1350,1300,1500,1500,1300,1300,1,1,1,1,1,1,1,1,0,0,0,0,stabilized_mix,0.0,0.0,0.0,0.0,0.0,0.0,0.0,0.0,0.0,0.0,0.0,0.0,0.0,0.0,0.0,0.0,0.0,0.0,0.0,0.0,0.0,0.0,0.0,0.0,0.0,0.0,0.0,0.0,0.0,0.0,0.0,0.0,0.0,0.0,0.0,0.0,0.0,0.0,0.0,0.0,0.10000000149011612,3734384497,12,11
827477062,2,292,153,0,11036000,11036,153,0,0,0,16384,0,0,0,0.0,0.0,0.0,1.0,0.0,0.0,0.0,11.0,9.0,20.0,1000,1050,1100,1150,1200,1250,1300,1350,1300,1500,1500,1300,1300,1,1,1,1,1,1,1,1,0,0,0,0,stabilized_mix,0.0,0.0,0.0,0.0,0.0,0.0,0.0,0.0,0.0,0.0,0.0,0.0,0.0,0.0,0.0,0.0,0.0,0.0,0.0,0.0,0.0,0.0,0.0,0.0,0.0,0.0,0.0,0.0,0.0,0.0,0.0,0.0,0.0,0.0,0.0,0.0,0.0,0.0,0.0,0.0,0.10000000149011612,1354582491,12,11
827477062,2,292,154,0,11040000,11040,154,0,0,0,16384,0,0,0,0.0,0.0,0.0,1.0,0.0,0.0,0.0,11.0,10.0,21.0,1000,1050,1100,1150,1200,1250,1300,1350,1300,1500,1500,1300,1300,1,1,1,1,1,1,1,1,0,0,0,0,stabilized_mix,0.0,0.0,0.0,0.0,0.0,0.0,0.0,0.0,0.0,0.0,0.0,0.0,0.0,0.0,0.0,0.0,0.0,0.0,0.0,0.0,0.0,0.0,0.0,0.0,0.0,0.0,0.0,0.0,0.0,0.0,0.0,0.0,0.0,0.0,0.0,0.0,0.0,0.0,0.0,0.0,0.10000000149011612,1008808873,12,11
827477062,2,292,155,0,11044000,11044,155,0,0,0,16384,0,0,0,0.0,0.0,0.0,1.0,0.0,0.0,0.0,11.0,11.0,22.0,1000,1050,1100,1150,1200,1250,1300,1350,1300,1500,1500,1300,1300,1,1,1,1,1,1,1,1,0,0,0,0,stabilized_mix,0.0,0.0,0.0,0.0,0.0,0.0,0.0,0.0,0.0,0.0,0.0,0.0,0.0,0.0,0.0,0.0,0.0,0.0,0.0,0.0,0.0,0.0,0.0,0.0,0.0,0.0,0.0,0.0,0.0,0.0,0.0,0.0,0.0,0.0,0.0,0.0,0.0,0.0,0.0,0.0,0.10000000149011612,1371795723,12,11
827477062,2,292,156,0,11048000,11048,156,0,0,0,16384,0,0,0,0.0,0.0,0.0,1.0,0.0,0.0,0.0,11.0,12.0,23.0,1000,1050,1100,1150,1200,1250,1300,1350,1300,1500,1500,1300,1300,1,1,1,1,1,1,1,1,0,0,0,0,stabilized_mix,0.0,0.0,0.0,0.0,0.0,0.0,0.0,0.0,0.0,0.0,0.0,0.0,0.0,0.0,0.0,0.0,0.0,0.0,0.0,0.0,0.0,0.0,0.0,0.0,0.0,0.0,0.0,0.0,0.0,0.0,0.0,0.0,0.0,0.0,0.0,0.0,0.0,0.0,0.0,0.0,0.10000000149011612,2550663002,12,11
827477062,2,292,157,0,12000000,12000,157,0,0,0,16384,0,0,0,0.0,0.0,0.0,1.0,0.0,0.0,0.0,12.0,0.0,12.0,1000,1050,1100,1150,1200,1250,1300,1350,1300,1500,1500,1300,1300,1,1,1,1,1,1,1,1,0,0,0,0,stabilized_mix,0.0,0.0,0.0,0.0,0.0,0.0,0.0,0.0,0.0,0.0,0.0,0.0,0.0,0.0,0.0,0.0,0.0,0.0,0.0,0.0,0.0,0.0,0.0,0.0,0.0,0.0,0.0,0.0,0.0,0.0,0.0,0.0,0.0,0.0,0.0,0.0,0.0,0.0,0.0,0.0,0.10000000149011612,1998661190,13,12
827477062,2,292,158,0,12004000,12004,158,0,0,0,16384,0,0,0,0.0,0.0,0.0,1.0,0.0,0.0,0.0,12.0,1.0,13.0,1000,1050,1100,1150,1200,1250,1300,1350,1300,1500,1500,1300,1300,1,1,1,1,1,1,1,1,0,0,0,0,stabilized_mix,0.0,0.0,0.0,0.0,0.0,0.0,0.0,0.0,0.0,0.0,0.0,0.0,0.0,0.0,0.0,0.0,0.0,0.0,0.0,0.0,0.0,0.0,0.0,0.0,0.0,0.0,0.0,0.0,0.0,0.0,0.0,0.0,0.0,0.0,0.0,0.0,0.0,0.0,0.0,0.0,0.10000000149011612,245484032,13,12
827477062,2,292,159,0,12008000,12008,159,0,0,0,16384,0,0,0,0.0,0.0,0.0,1.0,0.0,0.0,0.0,12.0,2.0,14.0,1000,1050,1100,1150,1200,1250,1300,1350,1300,1500,1500,1300,1300,1,1,1,1,1,1,1,1,0,0,0,0,stabilized_mix,0.0,0.0,0.0,0.0,0.0,0.0,0.0,0.0,0.0,0.0,0.0,0.0,0.0,0.0,0.0,0.0,0.0,0.0,0.0,0.0,0.0,0.0,0.0,0.0,0.0,0.0,0.0,0.0,0.0,0.0,0.0,0.0,0.0,0.0,0.0,0.0,0.0,0.0,0.0,0.0,0.10000000149011612,2476343087,13,12
827477062,2,292,160,0,12012000,12012,160,0,0,0,16384,0,0,0,0.0,0.0,0.0,1.0,0.0,0.0,0.0,12.0,3.0,15.0,1000,1050,1100,1150,1200,1250,1300,1350,1300,1500,1500,1300,1300,1,1,1,1,1,1,1,1,0,0,0,0,stabilized_mix,0.0,0.0,0.0,0.0,0.0,0.0,0.0,0.0,0.0,0.0,0.0,0.0,0.0,0.0,0.0,0.0,0.0,0.0,0.0,0.0,0.0,0.0,0.0,0.0,0.0,0.0,0.0,0.0,0.0,0.0,0.0,0.0,0.0,0.0,0.0,0.0,0.0,0.0,0.0,0.0,0.10000000149011612,3961740690,13,12
827477062,2,292,161,0,12016000,12016,161,0,0,0,16384,0,0,0,0.0,0.0,0.0,1.0,0.0,0.0,0.0,12.0,4.0,16.0,1000,1050,1100,1150,1200,1250,1300,1350,1300,1500,1500,1300,1300,1,1,1,1,1,1,1,1,0,0,0,0,stabilized_mix,0.0,0.0,0.0,0.0,0.0,0.0,0.0,0.0,0.0,0.0,0.0,0.0,0.0,0.0,0.0,0.0,0.0,0.0,0.0,0.0,0.0,0.0,0.0,0.0,0.0,0.0,0.0,0.0,0.0,0.0,0.0,0.0,0.0,0.0,0.0,0.0,0.0,0.0,0.0,0.0,0.10000000149011612,3358279957,13,12
827477062,2,292,162,0,12020000,12020,162,0,0,0,16384,0,0,0,0.0,0.0,0.0,1.0,0.0,0.0,0.0,12.0,5.0,17.0,1000,1050,1100,1150,1200,1250,1300,1350,1300,1500,1500,1300,1300,1,1,1,1,1,1,1,1,0,0,0,0,stabilized_mix,0.0,0.0,0.0,0.0,0.0,0.0,0.0,0.0,0.0,0.0,0.0,0.0,0.0,0.0,0.0,0.0,0.0,0.0,0.0,0.0,0.0,0.0,0.0,0.0,0.0,0.0,0.0,0.0,0.0,0.0,0.0,0.0,0.0,0.0,0.0,0.0,0.0,0.0,0.0,0.0,0.10000000149011612,1906280687,13,12
827477062,2,292,163,0,12024000,12024,163,0,0,0,16384,0,0,0,0.0,0.0,0.0,1.0,0.0,0.0,0.0,12.0,6.0,18.0,1000,1050,1100,1150,1200,1250,1300,1350,1300,1500,1500,1300,1300,1,1,1,1,1,1,1,1,0,0,0,0,stabilized_mix,0.0,0.0,0.0,0.0,0.0,0.0,0.0,0.0,0.0,0.0,0.0,0.0,0.0,0.0,0.0,0.0,0.0,0.0,0.0,0.0,0.0,0.0,0.0,0.0,0.0,0.0,0.0,0.0,0.0,0.0,0.0,0.0,0.0,0.0,0.0,0.0,0.0,0.0,0.0,0.0,0.10000000149011612,4042639696,13,12
827477062,2,292,164,0,12028000,12028,164,0,0,0,16384,0,0,0,0.0,0.0,0.0,1.0,0.0,0.0,0.0,12.0,7.0,19.0,1000,1050,1100,1150,1200,1250,1300,1350,1300,1500,1500,1300,1300,1,1,1,1,1,1,1,1,0,0,0,0,stabilized_mix,0.0,0.0,0.0,0.0,0.0,0.0,0.0,0.0,0.0,0.0,0.0,0.0,0.0,0.0,0.0,0.0,0.0,0.0,0.0,0.0,0.0,0.0,0.0,0.0,0.0,0.0,0.0,0.0,0.0,0.0,0.0,0.0,0.0,0.0,0.0,0.0,0.0,0.0,0.0,0.0,0.10000000149011612,1774309236,13,12
827477062,2,292,165,0,12032000,12032,165,0,0,0,16384,0,0,0,0.0,0.0,0.0,1.0,0.0,0.0,0.0,12.0,8.0,20.0,1000,1050,1100,1150,1200,1250,1300,1350,1300,1500,1500,1300,1300,1,1,1,1,1,1,1,1,0,0,0,0,stabilized_mix,0.0,0.0,0.0,0.0,0.0,0.0,0.0,0.0,0.0,0.0,0.0,0.0,0.0,0.0,0.0,0.0,0.0,0.0,0.0,0.0,0.0,0.0,0.0,0.0,0.0,0.0,0.0,0.0,0.0,0.0,0.0,0.0,0.0,0.0,0.0,0.0,0.0,0.0,0.0,0.0,0.10000000149011612,4164300715,13,12
827477062,2,292,166,0,12036000,12036,166,0,0,0,16384,0,0,0,0.0,0.0,0.0,1.0,0.0,0.0,0.0,12.0,9.0,21.0,1000,1050,1100,1150,1200,1250,1300,1350,1300,1500,1500,1300,1300,1,1,1,1,1,1,1,1,0,0,0,0,stabilized_mix,0.0,0.0,0.0,0.0,0.0,0.0,0.0,0.0,0.0,0.0,0.0,0.0,0.0,0.0,0.0,0.0,0.0,0.0,0.0,0.0,0.0,0.0,0.0,0.0,0.0,0.0,0.0,0.0,0.0,0.0,0.0,0.0,0.0,0.0,0.0,0.0,0.0,0.0,0.0,0.0,0.10000000149011612,4186004759,13,12
827477062,2,292,167,0,12040000,12040,167,0,0,0,16384,0,0,0,0.0,0.0,0.0,1.0,0.0,0.0,0.0,12.0,10.0,22.0,1000,1050,1100,1150,1200,1250,1300,1350,1300,1500,1500,1300,1300,1,1,1,1,1,1,1,1,0,0,0,0,stabilized_mix,0.0,0.0,0.0,0.0,0.0,0.0,0.0,0.0,0.0,0.0,0.0,0.0,0.0,0.0,0.0,0.0,0.0,0.0,0.0,0.0,0.0,0.0,0.0,0.0,0.0,0.0,0.0,0.0,0.0,0.0,0.0,0.0,0.0,0.0,0.0,0.0,0.0,0.0,0.0,0.0,0.10000000149011612,3874674134,13,12
827477062,2,292,168,0,12044000,12044,168,0,0,0,16384,0,0,0,0.0,0.0,0.0,1.0,0.0,0.0,0.0,12.0,11.0,23.0,1000,1050,1100,1150,1200,1250,1300,1350,1300,1500,1500,1300,1300,1,1,1,1,1,1,1,1,0,0,0,0,stabilized_mix,0.0,0.0,0.0,0.0,0.0,0.0,0.0,0.0,0.0,0.0,0.0,0.0,0.0,0.0,0.0,0.0,0.0,0.0,0.0,0.0,0.0,0.0,0.0,0.0,0.0,0.0,0.0,0.0,0.0,0.0,0.0,0.0,0.0,0.0,0.0,0.0,0.0,0.0,0.0,0.0,0.10000000149011612,80381140,13,12
827477062,2,292,169,0,12048000,12048,169,0,0,0,16384,0,0,0,0.0,0.0,0.0,1.0,0.0,0.0,0.0,12.0,12.0,24.0,1000,1050,1100,1150,1200,1250,1300,1350,1300,1500,1500,1300,1300,1,1,1,1,1,1,1,1,0,0,0,0,stabilized_mix,0.0,0.0,0.0,0.0,0.0,0.0,0.0,0.0,0.0,0.0,0.0,0.0,0.0,0.0,0.0,0.0,0.0,0.0,0.0,0.0,0.0,0.0,0.0,0.0,0.0,0.0,0.0,0.0,0.0,0.0,0.0,0.0,0.0,0.0,0.0,0.0,0.0,0.0,0.0,0.0,0.10000000149011612,3528139007,13,12
827477062,2,292,170,0,13000000,13000,170,0,0,0,16384,0,0,0,0.0,0.0,0.0,1.0,0.0,0.0,0.0,13.0,0.0,13.0,1000,1050,1100,1150,1200,1250,1300,1350,1300,1500,1500,1300,1300,1,1,1,1,1,1,1,1,0,0,0,0,stabilized_mix,0.0,0.0,0.0,0.0,0.0,0.0,0.0,0.0,0.0,0.0,0.0,0.0,0.0,0.0,0.0,0.0,0.0,0.0,0.0,0.0,0.0,0.0,0.0,0.0,0.0,0.0,0.0,0.0,0.0,0.0,0.0,0.0,0.0,0.0,0.0,0.0,0.0,0.0,0.0,0.0,0.10000000149011612,2195649637,14,13
827477062,2,292,171,0,13004000,13004,171,0,0,0,16384,0,0,0,0.0,0.0,0.0,1.0,0.0,0.0,0.0,13.0,1.0,14.0,1000,1050,1100,1150,1200,1250,1300,1350,1300,1500,1500,1300,1300,1,1,1,1,1,1,1,1,0,0,0,0,stabilized_mix,0.0,0.0,0.0,0.0,0.0,0.0,0.0,0.0,0.0,0.0,0.0,0.0,0.0,0.0,0.0,0.0,0.0,0.0,0.0,0.0,0.0,0.0,0.0,0.0,0.0,0.0,0.0,0.0,0.0,0.0,0.0,0.0,0.0,0.0,0.0,0.0,0.0,0.0,0.0,0.0,0.10000000149011612,444972570,14,13
827477062,2,292,172,0,13008000,13008,172,0,0,0,16384,0,0,0,0.0,0.0,0.0,1.0,0.0,0.0,0.0,13.0,2.0,15.0,1000,1050,1100,1150,1200,1250,1300,1350,1300,1500,1500,1300,1300,1,1,1,1,1,1,1,1,0,0,0,0,stabilized_mix,0.0,0.0,0.0,0.0,0.0,0.0,0.0,0.0,0.0,0.0,0.0,0.0,0.0,0.0,0.0,0.0,0.0,0.0,0.0,0.0,0.0,0.0,0.0,0.0,0.0,0.0,0.0,0.0,0.0,0.0,0.0,0.0,0.0,0.0,0.0,0.0,0.0,0.0,0.0,0.0,0.10000000149011612,2094808110,14,13
827477062,2,292,173,0,13012000,13012,173,0,0,0,16384,0,0,0,0.0,0.0,0.0,1.0,0.0,0.0,0.0,13.0,3.0,16.0,1000,1050,1100,1150,1200,1250,1300,1350,1300,1500,1500,1300,1300,1,1,1,1,1,1,1,1,0,0,0,0,stabilized_mix,0.0,0.0,0.0,0.0,0.0,0.0,0.0,0.0,0.0,0.0,0.0,0.0,0.0,0.0,0.0,0.0,0.0,0.0,0.0,0.0,0.0,0.0,0.0,0.0,0.0,0.0,0.0,0.0,0.0,0.0,0.0,0.0,0.0,0.0,0.0,0.0,0.0,0.0,0.0,0.0,0.10000000149011612,3147707231,14,13
827477062,2,292,174,0,13016000,13016,174,0,0,0,16384,0,0,0,0.0,0.0,0.0,1.0,0.0,0.0,0.0,13.0,4.0,17.0,1000,1050,1100,1150,1200,1250,1300,1350,1300,1500,1500,1300,1300,1,1,1,1,1,1,1,1,0,0,0,0,stabilized_mix,0.0,0.0,0.0,0.0,0.0,0.0,0.0,0.0,0.0,0.0,0.0,0.0,0.0,0.0,0.0,0.0,0.0,0.0,0.0,0.0,0.0,0.0,0.0,0.0,0.0,0.0,0.0,0.0,0.0,0.0,0.0,0.0,0.0,0.0,0.0,0.0,0.0,0.0,0.0,0.0,0.10000000149011612,905141142,14,13
827477062,2,292,175,0,13020000,13020,175,0,0,0,16384,0,0,0,0.0,0.0,0.0,1.0,0.0,0.0,0.0,13.0,5.0,18.0,1000,1050,1100,1150,1200,1250,1300,1350,1300,1500,1500,1300,1300,1,1,1,1,1,1,1,1,0,0,0,0,stabilized_mix,0.0,0.0,0.0,0.0,0.0,0.0,0.0,0.0,0.0,0.0,0.0,0.0,0.0,0.0,0.0,0.0,0.0,0.0,0.0,0.0,0.0,0.0,0.0,0.0,0.0,0.0,0.0,0.0,0.0,0.0,0.0,0.0,0.0,0.0,0.0,0.0,0.0,0.0,0.0,0.0,0.10000000149011612,830824586,14,13
827477062,2,292,176,0,13024000,13024,176,0,0,0,16384,0,0,0,0.0,0.0,0.0,1.0,0.0,0.0,0.0,13.0,6.0,19.0,1000,1050,1100,1150,1200,1250,1300,1350,1300,1500,1500,1300,1300,1,1,1,1,1,1,1,1,0,0,0,0,stabilized_mix,0.0,0.0,0.0,0.0,0.0,0.0,0.0,0.0,0.0,0.0,0.0,0.0,0.0,0.0,0.0,0.0,0.0,0.0,0.0,0.0,0.0,0.0,0.0,0.0,0.0,0.0,0.0,0.0,0.0,0.0,0.0,0.0,0.0,0.0,0.0,0.0,0.0,0.0,0.0,0.0,0.10000000149011612,3079960491,14,13
827477062,2,292,177,0,13028000,13028,177,0,0,0,16384,0,0,0,0.0,0.0,0.0,1.0,0.0,0.0,0.0,13.0,7.0,20.0,1000,1050,1100,1150,1200,1250,1300,1350,1300,1500,1500,1300,1300,1,1,1,1,1,1,1,1,0,0,0,0,stabilized_mix,0.0,0.0,0.0,0.0,0.0,0.0,0.0,0.0,0.0,0.0,0.0,0.0,0.0,0.0,0.0,0.0,0.0,0.0,0.0,0.0,0.0,0.0,0.0,0.0,0.0,0.0,0.0,0.0,0.0,0.0,0.0,0.0,0.0,0.0,0.0,0.0,0.0,0.0,0.0,0.0,0.10000000149011612,3765250705,14,13
827477062,2,292,178,0,13032000,13032,178,0,0,0,16384,0,0,0,0.0,0.0,0.0,1.0,0.0,0.0,0.0,13.0,8.0,21.0,1000,1050,1100,1150,1200,1250,1300,1350,1300,1500,1500,1300,1300,1,1,1,1,1,1,1,1,0,0,0,0,stabilized_mix,0.0,0.0,0.0,0.0,0.0,0.0,0.0,0.0,0.0,0.0,0.0,0.0,0.0,0.0,0.0,0.0,0.0,0.0,0.0,0.0,0.0,0.0,0.0,0.0,0.0,0.0,0.0,0.0,0.0,0.0,0.0,0.0,0.0,0.0,0.0,0.0,0.0,0.0,0.0,0.0,0.10000000149011612,3235532407,14,13
827477062,2,292,179,0,13036000,13036,179,0,0,0,16384,0,0,0,0.0,0.0,0.0,1.0,0.0,0.0,0.0,13.0,9.0,22.0,1000,1050,1100,1150,1200,1250,1300,1350,1300,1500,1500,1300,1300,1,1,1,1,1,1,1,1,0,0,0,0,stabilized_mix,0.0,0.0,0.0,0.0,0.0,0.0,0.0,0.0,0.0,0.0,0.0,0.0,0.0,0.0,0.0,0.0,0.0,0.0,0.0,0.0,0.0,0.0,0.0,0.0,0.0,0.0,0.0,0.0,0.0,0.0,0.0,0.0,0.0,0.0,0.0,0.0,0.0,0.0,0.0,0.0,0.10000000149011612,2183532378,14,13
827477062,2,292,180,0,13040000,13040,180,0,0,0,16384,0,0,0,0.0,0.0,0.0,1.0,0.0,0.0,0.0,13.0,10.0,23.0,1000,1050,1100,1150,1200,1250,1300,1350,1300,1500,1500,1300,1300,1,1,1,1,1,1,1,1,0,0,0,0,stabilized_mix,0.0,0.0,0.0,0.0,0.0,0.0,0.0,0.0,0.0,0.0,0.0,0.0,0.0,0.0,0.0,0.0,0.0,0.0,0.0,0.0,0.0,0.0,0.0,0.0,0.0,0.0,0.0,0.0,0.0,0.0,0.0,0.0,0.0,0.0,0.0,0.0,0.0,0.0,0.0,0.0,0.10000000149011612,976055391,14,13
827477062,2,292,181,0,13044000,13044,181,0,0,0,16384,0,0,0,0.0,0.0,0.0,1.0,0.0,0.0,0.0,13.0,11.0,24.0,1000,1050,1100,1150,1200,1250,1300,1350,1300,1500,1500,1300,1300,1,1,1,1,1,1,1,1,0,0,0,0,stabilized_mix,0.0,0.0,0.0,0.0,0.0,0.0,0.0,0.0,0.0,0.0,0.0,0.0,0.0,0.0,0.0,0.0,0.0,0.0,0.0,0.0,0.0,0.0,0.0,0.0,0.0,0.0,0.0,0.0,0.0,0.0,0.0,0.0,0.0,0.0,0.0,0.0,0.0,0.0,0.0,0.0,0.10000000149011612,935068933,14,13
827477062,2,292,182,0,13048000,13048,182,0,0,0,16384,0,0,0,0.0,0.0,0.0,1.0,0.0,0.0,0.0,13.0,12.0,25.0,1000,1050,1100,1150,1200,1250,1300,1350,1300,1500,1500,1300,1300,1,1,1,1,1,1,1,1,0,0,0,0,stabilized_mix,0.0,0.0,0.0,0.0,0.0,0.0,0.0,0.0,0.0,0.0,0.0,0.0,0.0,0.0,0.0,0.0,0.0,0.0,0.0,0.0,0.0,0.0,0.0,0.0,0.0,0.0,0.0,0.0,0.0,0.0,0.0,0.0,0.0,0.0,0.0,0.0,0.0,0.0,0.0,0.0,0.10000000149011612,1429145576,14,13
827477062,2,292,183,0,14000000,14000,183,0,0,0,16384,0,0,0,0.0,0.0,0.0,1.0,0.0,0.0,0.0,14.0,0.0,14.0,1000,1050,1100,1150,1200,1250,1300,1350,1300,1500,1500,1300,1300,1,1,1,1,1,1,1,1,0,0,0,0,stabilized_mix,0.0,0.0,0.0,0.0,0.0,0.0,0.0,0.0,0.0,0.0,0.0,0.0,0.0,0.0,0.0,0.0,0.0,0.0,0.0,0.0,0.0,0.0,0.0,0.0,0.0,0.0,0.0,0.0,0.0,0.0,0.0,0.0,0.0,0.0,0.0,0.0,0.0,0.0,0.0,0.0,0.10000000149011612,2488264300,15,14
827477062,2,292,184,0,14004000,14004,184,0,0,0,16384,0,0,0,0.0,0.0,0.0,1.0,0.0,0.0,0.0,14.0,1.0,15.0,1000,1050,1100,1150,1200,1250,1300,1350,1300,1500,1500,1300,1300,1,1,1,1,1,1,1,1,0,0,0,0,stabilized_mix,0.0,0.0,0.0,0.0,0.0,0.0,0.0,0.0,0.0,0.0,0.0,0.0,0.0,0.0,0.0,0.0,0.0,0.0,0.0,0.0,0.0,0.0,0.0,0.0,0.0,0.0,0.0,0.0,0.0,0.0,0.0,0.0,0.0,0.0,0.0,0.0,0.0,0.0,0.0,0.0,0.10000000149011612,204222745,15,14
827477062,2,292,185,0,14008000,14008,185,0,0,0,16384,0,0,0,0.0,0.0,0.0,1.0,0.0,0.0,0.0,14.0,2.0,16.0,1000,1050,1100,1150,1200,1250,1300,1350,1300,1500,1500,1300,1300,1,1,1,1,1,1,1,1,0,0,0,0,stabilized_mix,0.0,0.0,0.0,0.0,0.0,0.0,0.0,0.0,0.0,0.0,0.0,0.0,0.0,0.0,0.0,0.0,0.0,0.0,0.0,0.0,0.0,0.0,0.0,0.0,0.0,0.0,0.0,0.0,0.0,0.0,0.0,0.0,0.0,0.0,0.0,0.0,0.0,0.0,0.0,0.0,0.10000000149011612,1505616208,15,14
827477062,2,292,186,0,14012000,14012,186,0,0,0,16384,0,0,0,0.0,0.0,0.0,1.0,0.0,0.0,0.0,14.0,3.0,17.0,1000,1050,1100,1150,1200,1250,1300,1350,1300,1500,1500,1300,1300,1,1,1,1,1,1,1,1,0,0,0,0,stabilized_mix,0.0,0.0,0.0,0.0,0.0,0.0,0.0,0.0,0.0,0.0,0.0,0.0,0.0,0.0,0.0,0.0,0.0,0.0,0.0,0.0,0.0,0.0,0.0,0.0,0.0,0.0,0.0,0.0,0.0,0.0,0.0,0.0,0.0,0.0,0.0,0.0,0.0,0.0,0.0,0.0,0.10000000149011612,2814562884,15,14
827477062,2,292,187,0,14016000,14016,187,0,0,0,16384,0,0,0,0.0,0.0,0.0,1.0,0.0,0.0,0.0,14.0,4.0,18.0,1000,1050,1100,1150,1200,1250,1300,1350,1300,1500,1500,1300,1300,1,1,1,1,1,1,1,1,0,0,0,0,stabilized_mix,0.0,0.0,0.0,0.0,0.0,0.0,0.0,0.0,0.0,0.0,0.0,0.0,0.0,0.0,0.0,0.0,0.0,0.0,0.0,0.0,0.0,0.0,0.0,0.0,0.0,0.0,0.0,0.0,0.0,0.0,0.0,0.0,0.0,0.0,0.0,0.0,0.0,0.0,0.0,0.0,0.10000000149011612,2481276126,15,14
827477062,2,292,188,0,14020000,14020,188,0,0,0,16384,0,0,0,0.0,0.0,0.0,1.0,0.0,0.0,0.0,14.0,5.0,19.0,1000,1050,1100,1150,1200,1250,1300,1350,1300,1500,1500,1300,1300,1,1,1,1,1,1,1,1,0,0,0,0,stabilized_mix,0.0,0.0,0.0,0.0,0.0,0.0,0.0,0.0,0.0,0.0,0.0,0.0,0.0,0.0,0.0,0.0,0.0,0.0,0.0,0.0,0.0,0.0,0.0,0.0,0.0,0.0,0.0,0.0,0.0,0.0,0.0,0.0,0.0,0.0,0.0,0.0,0.0,0.0,0.0,0.0,0.10000000149011612,1181897006,15,14
827477062,2,292,189,0,14024000,14024,189,0,0,0,16384,0,0,0,0.0,0.0,0.0,1.0,0.0,0.0,0.0,14.0,6.0,20.0,1000,1050,1100,1150,1200,1250,1300,1350,1300,1500,1500,1300,1300,1,1,1,1,1,1,1,1,0,0,0,0,stabilized_mix,0.0,0.0,0.0,0.0,0.0,0.0,0.0,0.0,0.0,0.0,0.0,0.0,0.0,0.0,0.0,0.0,0.0,0.0,0.0,0.0,0.0,0.0,0.0,0.0,0.0,0.0,0.0,0.0,0.0,0.0,0.0,0.0,0.0,0.0,0.0,0.0,0.0,0.0,0.0,0.0,0.10000000149011612,3434354592,15,14
827477062,2,292,190,0,14028000,14028,190,0,0,0,16384,0,0,0,0.0,0.0,0.0,1.0,0.0,0.0,0.0,14.0,7.0,21.0,1000,1050,1100,1150,1200,1250,1300,1350,1300,1500,1500,1300,1300,1,1,1,1,1,1,1,1,0,0,0,0,stabilized_mix,0.0,0.0,0.0,0.0,0.0,0.0,0.0,0.0,0.0,0.0,0.0,0.0,0.0,0.0,0.0,0.0,0.0,0.0,0.0,0.0,0.0,0.0,0.0,0.0,0.0,0.0,0.0,0.0,0.0,0.0,0.0,0.0,0.0,0.0,0.0,0.0,0.0,0.0,0.0,0.0,0.10000000149011612,3920389470,15,14
827477062,2,292,191,0,14032000,14032,191,0,0,0,16384,0,0,0,0.0,0.0,0.0,1.0,0.0,0.0,0.0,14.0,8.0,22.0,1000,1050,1100,1150,1200,1250,1300,1350,1300,1500,1500,1300,1300,1,1,1,1,1,1,1,1,0,0,0,0,stabilized_mix,0.0,0.0,0.0,0.0,0.0,0.0,0.0,0.0,0.0,0.0,0.0,0.0,0.0,0.0,0.0,0.0,0.0,0.0,0.0,0.0,0.0,0.0,0.0,0.0,0.0,0.0,0.0,0.0,0.0,0.0,0.0,0.0,0.0,0.0,0.0,0.0,0.0,0.0,0.0,0.0,0.10000000149011612,2793836187,15,14
827477062,2,292,192,0,14036000,14036,192,0,0,0,16384,0,0,0,0.0,0.0,0.0,1.0,0.0,0.0,0.0,14.0,9.0,23.0,1000,1050,1100,1150,1200,1250,1300,1350,1300,1500,1500,1300,1300,1,1,1,1,1,1,1,1,0,0,0,0,stabilized_mix,0.0,0.0,0.0,0.0,0.0,0.0,0.0,0.0,0.0,0.0,0.0,0.0,0.0,0.0,0.0,0.0,0.0,0.0,0.0,0.0,0.0,0.0,0.0,0.0,0.0,0.0,0.0,0.0,0.0,0.0,0.0,0.0,0.0,0.0,0.0,0.0,0.0,0.0,0.0,0.0,0.10000000149011612,595918605,15,14
827477062,2,292,193,0,14040000,14040,193,0,0,0,16384,0,0,0,0.0,0.0,0.0,1.0,0.0,0.0,0.0,14.0,10.0,24.0,1000,1050,1100,1150,1200,1250,1300,1350,1300,1500,1500,1300,1300,1,1,1,1,1,1,1,1,0,0,0,0,stabilized_mix,0.0,0.0,0.0,0.0,0.0,0.0,0.0,0.0,0.0,0.0,0.0,0.0,0.0,0.0,0.0,0.0,0.0,0.0,0.0,0.0,0.0,0.0,0.0,0.0,0.0,0.0,0.0,0.0,0.0,0.0,0.0,0.0,0.0,0.0,0.0,0.0,0.0,0.0,0.0,0.0,0.10000000149011612,1971599794,15,14
827477062,2,292,194,0,14044000,14044,194,0,0,0,16384,0,0,0,0.0,0.0,0.0,1.0,0.0,0.0,0.0,14.0,11.0,25.0,1000,1050,1100,1150,1200,1250,1300,1350,1300,1500,1500,1300,1300,1,1,1,1,1,1,1,1,0,0,0,0,stabilized_mix,0.0,0.0,0.0,0.0,0.0,0.0,0.0,0.0,0.0,0.0,0.0,0.0,0.0,0.0,0.0,0.0,0.0,0.0,0.0,0.0,0.0,0.0,0.0,0.0,0.0,0.0,0.0,0.0,0.0,0.0,0.0,0.0,0.0,0.0,0.0,0.0,0.0,0.0,0.0,0.0,0.10000000149011612,1985958787,15,14
827477062,2,292,195,0,14048000,14048,195,0,0,0,16384,0,0,0,0.0,0.0,0.0,1.0,0.0,0.0,0.0,14.0,12.0,26.0,1000,1050,1100,1150,1200,1250,1300,1350,1300,1500,1500,1300,1300,1,1,1,1,1,1,1,1,0,0,0,0,stabilized_mix,0.0,0.0,0.0,0.0,0.0,0.0,0.0,0.0,0.0,0.0,0.0,0.0,0.0,0.0,0.0,0.0,0.0,0.0,0.0,0.0,0.0,0.0,0.0,0.0,0.0,0.0,0.0,0.0,0.0,0.0,0.0,0.0,0.0,0.0,0.0,0.0,0.0,0.0,0.0,0.0,0.10000000149011612,77476742,15,14
